Company Name;Global Company Key;PERMNO;CUSIP;Ticker;Fiscal year end;AUDCOMMEMB;INDAUDCOMMEMB;FINEXPMEMB;AUDCOMMEMBPRCNT;FINEXPMEMBPRCNT;BODMEMB;INDBODMEMB;INDBODMEMBPRCNT;B/M;ROA;ROE;ROCE;D/A;D/E;TotAsset;CapEx;EBIT;EBI;GrossProfit;NI;Sales/Turnover (Net)
ALCOA CORP;27638;16347;01387210;AA;2017;5;5;5;1;1;12;12;1;0,48;0,14;0,04;0,24;0,61;2,35;17447;405;1569;2319;2635;217;11652
ABBOTT LABORATORIES;1078;20482;00282410;ABT;2017;5;3;1;0,6;0,2;13;10;0,7692;0,33;0,11;0,01;0,08;0,59;1,46;76250;1135;3996;7017;17277;477;27390
ARCHER-DANIELS-MIDLAND CO;1722;10516;03948310;ADM;2017;5;5;1;1;0,2;13;12;0,9231;0,87;0,06;0,08;0,06;0,54;1,18;39963;1049;1513;2437;4430;1595;60828
AMERICAN ELECTRIC POWER CO;1440;24109;02553710;AEP;2017;6;6;6;1;1;12;11;0,9167;0,7;0,08;0,07;0,08;0,72;2,54;64729,1;5799,3;3431,2;5428,4;5428,4;1912,6;15424,9
AETNA INC;1177;88845;00817Y10;AET;2017;5;3;4;0,6;0,8;12;7;0,5833;0,26;0,09;0,11;0,16;0,71;2,52;55151;410;5038;5428;15819;1904;60447
AMERICAN INTERNATIONAL GROUP;1487;66800;02687478;AIG;2017;6;6;4;1;0,666666667;14;14;1;1,22;0,01;-0,09;0,02;0,87;6,64;498301;0;2518;6392;6392;-6084;49004
ASSURANT INC;157057;90038;04621X10;AIZ;2017;4;3;4;0,75;1;11;7;0,6364;0,81;0,02;0,12;0,09;0,87;6,45;31843;62,1;514,2;628,9;628,9;519,6;6415
AKAMAI TECHNOLOGIES INC;125595;87299;00971T10;AKAM;2017;6;5;1;0,833333333;0,166666667;9;7;0,7778;0,3;0,17;0,07;0,1;0,28;0,39;4602,84;414,78;378,08;750,39;1892,52;218,32;2503
ALLSTATE CORP;28349;79323;02000210;ALL;2017;4;4;3;1;0,75;11;11;1;0,58;0,04;0,16;0,15;0,8;3,97;112422;299;3972;4367;4367;3189;37834
AMERIPRISE FINANCIAL INC;164708;90880;03076C10;AMP;2017;3;3;2;1;0,666666667;9;6;0,6667;0,24;0,02;0,24;0,22;0,96;23,59;147470;162;2515;2683;5691;1480;12126
AMAZON.COM INC;64768;84788;02313510;AMZN;2017;3;3;3;1;1;10;10;1;0,05;0,12;0,13;0,07;0,79;3,74;131310;11955;3954;13151;74763;3033;177866
AUTONATION INC;9063;76282;05329W10;AN;2017;5;4;2;0,8;0,4;9;7;0,7778;0,52;0,09;0,18;0,09;0,77;3,34;10271,5;313,4;767,2;925,8;3359;434,6;21534,6
APA CORP;1678;39490;03741110;APA;2017;5;3;5;0,6;1;10;8;0,8;0,49;0,15;0,16;0,04;0,6;1,77;21922;2760;668;3324;4022;1304;5752
AMPHENOL CORP;14282;84769;03209510;APH;2017;4;3;2;0,75;0,5;7;5;0,7143;0,16;0,18;0,16;0,2;0,6;1,49;10003,9;226,6;1431,6;1653,2;2531,5;650,5;7011,3
ATI INC -NEW;10405;43123;01741R10;ATI;2017;4;3;1;0,75;0,25;10;5;0,5;0,58;0,07;-0,06;0,06;0,64;1,92;5185,4;122,7;194,7;339,9;594,2;-91,9;3525,1
BOEING CO;2285;19561;09702310;BA;2017;9;9;6;1;0,666666667;14;13;0,9286;0,01;0,13;3,77;0,91;1;258,93;92333;1739;10123;11911;19184;8197;93392
BANK OF AMERICA CORP;7647;59408;06050510;BAC;2017;6;6;6;1;1;13;12;0,9231;0,81;0,02;0,07;0,07;0,88;7,54;2281234;0;44663;46766;84109;18232;100417
BAXTER INTERNATIONAL INC;2086;27887;07181310;BAX;2017;6;4;5;0,666666667;0,833333333;12;6;0,5;0,27;0,14;0,08;0,13;0,47;0,88;17111;634;1532;2275;5316;717;10561
BIOGEN INC;24468;76841;09062X10;BIIB;2017;4;0;3;0;0,75;10;2;0,2;0,19;0,29;0,2;0,31;0,47;0,88;23652,6;867,4;5709;6638,8;10809,4;2539,1;12273,9
BANK OF NEW YORK MELLON CORP;2019;49656;06405810;BK;2017;6;6;3;1;0,5;13;11;0,8462;0,75;0,02;0,1;0,09;0,89;8;371758;1197;7311;8785;15567;4090;16617
BLACKROCK INC;124434;87267;09247X10;BLK;2017;7;5;7;0,714285714;1;17;10;0,5882;0,43;0,03;0,14;0,15;0,85;5,9;220217;155;5294;5515;5515;4970;12491
BRISTOL-MYERS SQUIBB CO;2403;19393;11012210;BMY;2017;7;7;6;1;0,857142857;12;12;1;0,12;0,15;0,07;0,2;0,65;1,85;33551;1055;4220;5092;15731;1007;20776
BOSTON SCIENTIFIC CORP;25279;77605;10113710;BSX;2017;5;5;5;1;1;10;10;1;0,21;0,14;0,01;0,14;0,63;1,72;19042;319;1693;2530;6734;104;9048
PEABODY ENERGY CORP;142460;16689;70455110;BTU;2017;3;3;3;1;1;9;9;1;0,73;0,13;0,29;0,27;0,55;1,25;8181,2;199,4;648,8;1346,1;1488,7;466,5;5550,8
BORGWARNER INC;28742;79545;09972410;BWA;2017;6;6;4;1;0,666666667;11;11;1;0,35;0,17;0,12;0,22;0,61;1,6;9787,6;560;1221,6;1629,4;2527,9;439,9;9799,3
CITIGROUP INC;3243;70519;17296742;C;2017;6;6;4;1;0,666666667;17;17;1;0,95;0,02;-0,03;0,05;0,89;8,17;1842465;3361;32433;36092;36092;-6798;87367
CATERPILLAR INC;2817;18542;14912310;CAT;2017;4;3;4;0,75;1;13;9;0,6923;0,15;0,12;0,06;0,13;0,82;4,61;76962;2336;6521;9399;16481;754;45462
CERNER CORP;12850;10909;15678210;CERN;2017;6;4;1;0,666666667;0,166666667;8;5;0,625;0,23;0,25;0,19;0,2;0,26;0,35;6469,31;362,08;960,54;1541,79;4605,61;866,98;5142,27
CF INDUSTRIES HOLDINGS INC;163946;90829;12526910;CF;2017;6;3;5;0,5;0,833333333;11;5;0,4545;0,47;0,08;0,07;0,03;0,5;1,89;13463;473;220;1077;1287;358;4130
C H ROBINSON WORLDWIDE INC;65609;85459;12541W20;CHRW;2017;6;5;6;0,833333333;1;8;7;0,875;0,12;0,22;0,36;0,29;0,66;1,97;4235,83;40,12;775,12;868,1;2461,03;504,89;14869,38
CIGNA GROUP (THE);2547;64186;12550910;CI;2017;5;5;3;1;0,6;11;11;1;0,28;0,08;0,16;0,23;0,78;3,49;61753;471;4369;4935;4935;2237;41616
CINCINNATI FINANCIAL CORP;14824;23473;17206210;CINF;2017;9;5;4;0,555555556;0,444444444;15;8;0,5333;0,73;0,04;0,12;0,09;0,62;1,65;21843;16;783;811;811;1045;5732
COMERICA INC;3231;25081;20034010;CMA;2017;5;3;2;0,6;0,4;11;6;0,5455;0,53;0,03;0,09;0,15;0,89;7,99;71567;69;1866,5;1987,5;3094;743;3289
CME GROUP INC;149070;89626;12572Q10;CME;2017;6;1;3;0,166666667;0,5;23;10;0,4348;0,55;0,03;0,15;0,1;0,7;2,38;75791,2;81,9;2312;2520,5;2520,5;4063,4;3644,7
CHIPOTLE MEXICAN GRILL INC;165914;91068;16965610;CMG;2017;6;5;1;0,833333333;0,166666667;10;9;0,9;0,17;0,23;0,13;;;;2045,69;216,78;314,14;477,49;756,22;176,25;4476,41
CUMMINS INC;3650;41080;23102110;CMI;2017;8;7;2;0,875;0,25;11;9;0,8182;0,26;0,15;0,14;0,22;0,55;1,37;18075;506;1936;2515;5657;999;20428
CENTERPOINT ENERGY INC;5742;21792;15189T10;CNP;2017;6;6;1;1;0,166666667;8;8;1;0,64;0,09;0,22;0,08;0,79;3,85;22736;1426;1072;2108;2108;1792;9614
CNX RESOURCES CORPORATION;120093;86799;12653C10;CNX;2017;5;5;5;1;1;12;12;1;1,2;0,06;0,08;0,01;0,44;0,78;6931,91;632,85;46,73;458,77;458,77;380,75;1414,95
CAPITAL ONE FINANCIAL CORP;30990;81055;14040H10;COF;2017;5;5;3;1;0,6;10;10;1;0,92;0,02;0,05;0,07;0,87;6,49;365693;1018;7083;7990;7990;1982;30089
CSX CORP;2574;62148;12640810;CSX;2017;7;6;4;0,857142857;0,571428571;18;14;0,7778;0,43;0,14;0,26;0,15;0,59;1,43;35739;2040;3700;5015;5015;5471;11408
COGNIZANT TECH SOLUTIONS;111864;86158;19244610;CTSH;2017;7;6;2;0,857142857;0,285714286;13;11;0,8462;0,26;0,2;0,14;0,22;0,3;0,43;15221;284;2589;2997;5658;1504;14810
CVS HEALTH CORP;7241;17005;12665010;CVS;2017;5;3;3;0,6;0,6;12;7;0,5833;0,55;0,13;0,16;0,16;0,6;1,52;95131;1918;10044;12523;31026;6622;184765
CHEVRON CORP;2991;14541;16676410;CVX;2017;5;5;5;1;1;11;11;1;0,68;0,08;0,06;0,01;0,41;0,71;253806;13404;2480;21829;27141;9195;127485
DOMINION ENERGY INC;4029;64936;25746U10;D;2017;6;6;5;1;0,833333333;12;9;0,75;0,41;0,08;0,13;0,08;0,75;3,34;76585;5504;4124;6029;6029;2999;12586
DISCOVER FINANCIAL SVCS;177376;92121;25470910;DFS;2017;4;4;4;1;1;11;7;0,6364;0,38;0,05;0,2;0,12;0,89;8,19;100087;218;4355;4485;4485;2099;11545
DANAHER CORP;3735;49680;23585110;DHR;2017;3;1;3;0,333333333;1;11;6;0,5455;0,41;0,1;0,1;0,09;0,43;0,77;46648,6;619,6;3180,3;4418,6;11468,8;2492,1;18329,7
DOVER CORP;4058;25953;26000310;DOV;2017;7;4;7;0,571428571;1;12;6;0,5;0,31;0,13;0,17;0,13;0,59;1,43;10657,65;196,74;986,94;1381,18;3300,41;811,67;7830,44
DTE ENERGY CO;3897;11674;23333110;DTE;2017;4;2;3;0,5;0,75;12;7;0,5833;0,59;0,08;0,09;0,08;0,7;2,5;33767;2250;1646;2676;2676;1134;12607
DUKE ENERGY CORP;4093;27959;26441C20;DUK;2017;6;5;4;0,833333333;0,666666667;14;12;0,8571;0,83;0,07;0,06;0,07;0,7;2,3;137914;8052;6129;9656;9656;3059;23565
DAVITA INC;61483;82307;23918K10;DVA;2017;4;3;4;0,75;1;10;8;0,8;0,39;0,12;0,17;0,12;0,69;2,78;18948,19;905,25;1633,38;2193,29;3236,63;663,62;10876,63
DEVON ENERGY CORP;14934;87137;25179M10;DVN;2017;4;3;1;0,75;0,25;7;6;0,8571;0,46;0,12;0,11;0,06;0,53;1,74;30241;2805;1008;3361;4396;898;13949
EBAY INC;114524;86356;27864210;EBAY;2017;4;3;1;0,75;0,25;10;4;0,4;0,3;0,12;-0,09;0,12;0,69;2,22;25981;666;2265;2941;7983;-1016;9567
ECOLAB INC;4213;70578;27886510;ECL;2017;6;6;5;1;0,833333333;15;13;0,8667;0,21;0,15;0,19;0,14;0,61;1,61;19962,4;868,6;2060,1;2953,4;7370,5;1508,4;13838,3
CONSOLIDATED EDISON INC;3413;11404;20911510;ED;2017;5;1;5;0,2;1;12;6;0,5;0,79;0,08;0,07;0,08;0,68;2,12;48111;3028;2609;3950;3950;1525;12033
EQUIFAX INC;4423;52476;29442910;EFX;2017;5;5;5;1;1;12;11;0,9167;0,25;0,18;0,18;0,17;0,55;1,26;7233,4;218,2;950,3;1238,1;2165,7;587,3;3362,2
EDISON INTERNATIONAL;9846;15720;28102010;EIX;2017;6;6;4;1;0,666666667;12;11;0,9167;0,79;0,08;0,04;0,09;0,74;2,79;52580;3828;2209;4250;4250;689;12320
EASTMAN CHEMICAL CO;29392;80080;27743210;EMN;2017;5;2;4;0,4;0,8;11;6;0,5455;0,48;0,14;0,23;0,14;0,66;1,95;15999;649;1652;2236;3150;1384;9549
EOG RESOURCES INC;16478;75825;26875P10;EOG;2017;8;3;3;0,375;0,375;8;3;0,375;0,32;0,16;0,13;0,05;0,45;0,83;29833,08;4124,24;987,89;4608,52;8523,17;2582,58;11225,81
EQT CORP;4430;24328;26884L10;EQT;2017;4;3;3;0,75;0,75;13;12;0,9231;1;0,1;0,13;0,08;0,38;0,83;29522,6;1939,2;1178,26;2266,76;2266,76;1508,53;3378,02
EXPRESS SCRIPTS HOLDING CO;25356;77668;30219G10;ESRX;2017;4;3;4;0,75;1;10;7;0,7;0,49;0,14;0,22;0,17;0,67;1,99;54255,8;267,4;5628,7;7208,1;8896,4;4517,4;100064,6
E TRADE FINANCIAL CORP;63501;83862;26924640;ETFC;2017;5;4;2;0,8;0,4;10;9;0,9;0,47;0,02;0,1;0,16;0,89;8,13;63365;102;1225;1343;1343;614;2450
ENTERGY CORP;7366;24010;29364G10;ETR;2017;5;4;2;0,8;0,4;11;9;0,8182;0,86;0,08;0,03;0,07;0,82;4,7;46707,15;3905,62;1781,78;3577,45;3577,45;425,35;11074,48
EDWARDS LIFESCIENCES CORP;133366;87657;28176E10;EW;2017;4;4;4;1;1;8;8;1;0,13;0,23;0,21;0,3;0,48;0,93;5695,8;168,1;1097;1178,9;2641,9;583,6;3435,3
EXELON CORP;8539;21776;30161N10;EXC;2017;5;3;5;0,6;1;13;9;0,6923;1,08;0,07;0,09;0,06;0,72;2,83;116700;7584;3701;7529;7529;3770;33531
EXPEDITORS INTL WASH INC;4494;87717;30213010;EXPD;2017;5;5;1;1;0,2;9;9;1;0,17;0,25;0,25;0,36;0,36;0,56;3117,01;95,02;690,26;739,57;932,34;489,35;6920,95
EXPEDIA GROUP INC;126296;90808;30212P30;EXPE;2017;3;0;2;0;0,666666667;9;4;0,4444;0,27;0,09;0,08;0,08;0,67;2,73;18515,63;710,33;667,29;1556,83;8402,8;377,96;10059,84
FORD MOTOR CO;4839;25785;34537086;F;2017;6;4;2;0,666666667;0,333333333;17;11;0,6471;0,72;0,07;0,23;0,04;0,86;6,39;257808;7049;8044;17166;30431;7602;156776
FASTENAL CO;14225;11618;31190010;FAST;2017;4;3;2;0,75;0,5;7;6;0,8571;0,14;0,36;0,28;0,36;0,28;0,39;2910,5;119,9;880,8;1008,2;2291;578,6;4390,5
FREEPORT-MCMORAN INC;14590;81774;35671D85;FCX;2017;3;2;3;0,666666667;1;7;6;0,8571;0,42;0,16;0,16;0,18;0,7;3,26;37302;1410;3877;5974;6530;1817;16403
FIRSTENERGY CORP;8099;23026;33793210;FE;2017;6;5;4;0,833333333;0,666666667;15;12;0,8;0,39;0,1;-0,23;0,1;0,91;9,77;42257;2841;2891;4337;4337;-1724;14012
FIRST HORIZON CORP;4737;36397;32051710;FHN;2017;7;6;1;0,857142857;0,142857143;13;11;0,8462;0,64;0,02;0,05;0,1;0,89;8,6;41423,39;53,05;676,45;719,88;1346,86;165,52;1494,48
FIDELITY NATIONAL INFO SVCS;165993;89003;31620M10;FIS;2017;6;4;6;0,666666667;1;11;9;0,8182;0,39;0,12;0,11;0,08;0,55;1,25;24517;145;1672;2967;4237;1319;9123
FIFTH THIRD BANCORP;4640;34746;31677310;FITB;2017;5;5;2;1;0,4;12;12;1;0,74;0,02;0,14;0,09;0,88;7,69;142193;231;3087;3323;5724;2194;6676
FLIR SYSTEMS INC;28477;79265;30244510;FLIR;2017;4;2;1;0,5;0,25;8;4;0,5;0,29;0,15;0,06;0,15;0,35;0,53;2810,03;42,11;336,09;405,89;934,96;107,22;1800,43
FLUOR CORP;4818;88853;34341210;FLR;2017;7;7;3;1;0,428571429;12;11;0,9167;0,46;0,07;0,06;0,09;0,63;1,75;9327,69;283,11;440,3;665,57;843,76;191,38;19520,97
FLOWSERVE CORP;4108;30940;34354P10;FLS;2017;5;2;1;0,4;0,2;9;3;0,3333;0,33;0,09;0;0,09;0,66;1,96;4910,47;61,6;303,49;420,26;1263,01;2,65;3660,83
FMC CORP;4510;19166;30249130;FMC;2017;5;3;2;0,6;0,4;11;9;0,8182;0,22;0,08;-0,03;0,1;0,71;2,42;9206,3;85,7;491,6;584,7;1214,6;535,8;2878,6
FOSSIL GROUP INC;28118;79089;34988V10;FOSL;2017;4;4;2;1;0,5;10;9;0,9;1,53;0,06;-0,58;0,02;0,65;1,87;1658,37;25,52;31,02;112;1439,81;-478,17;2788,16
FIRST SOLAR INC;175404;91611;33643310;FSLR;2017;5;3;2;0,6;0,4;11;8;0,7273;0,72;0,05;-0,03;0,04;0,26;0,35;6864,5;514,36;215,03;334,53;668,45;-165,62;2941,32
GANNETT CO INC;23821;15391;36473H10;GCI;2017;7;7;1;1;0,142857143;11;11;1;0,79;0,13;0,01;0,15;0,6;1,53;1283,55;11,09;79,86;151,83;599,18;-0,92;1342
GENERAL DYNAMICS CORP;5046;12052;36955010;GD;2017;6;4;4;0,666666667;0,666666667;13;9;0,6923;0,19;0,14;0,26;0,28;0,67;2,06;35046;428;4177;4618;6628;2912;30973
GILEAD SCIENCES INC;24856;77274;37555810;GILD;2017;5;3;3;0,6;0,6;8;5;0,625;0,22;0,25;0,24;0,29;0,71;2,44;70283;590;14448;15593;22881;4628;26107
CORNING INC;3532;22293;21935010;GLW;2017;7;5;4;0,714285714;0,571428571;13;10;0,7692;0,5;0,1;-0,03;0,09;0,43;0,75;27494;1804;1689;2847;5147;-497;10116
GENWORTH FINANCIAL INC;158354;90162;37247D10;GNW;2017;5;4;5;0,8;1;9;8;0,8889;8,66;0,01;0,06;0,06;0,85;6,71;105297;0;1015;1108;1108;817;8295
GENUINE PARTS CO;5125;46674;37246010;GPC;2017;7;7;5;1;0,714285714;13;13;1;0,26;0,12;0,18;0,2;0,72;2,62;12412,38;156,76;1068,74;1236,43;4912;616,76;16308,8
GOLDMAN SACHS GROUP INC;114628;86868;38141G10;GS;2017;4;4;1;1;0,25;12;9;0,75;0,71;0,02;0,06;0,04;0,91;10,14;916776;3185;19933;21085;21085;4286;42911
GOODYEAR TIRE & RUBBER CO;5234;16432;38255010;GT;2017;5;4;2;0,8;0,4;13;7;0,5385;0,61;0,13;0,07;0,14;0,72;2,65;17064;881;1396;2136;4438;346;15377
GRAINGER (W W) INC;5256;52695;38480210;GWW;2017;5;5;4;1;0,8;11;10;0,9091;0,13;0,25;0,32;0,29;0,69;2,35;5804,25;237,28;1160,31;1419,31;4267,56;585,73;10424,86
HALLIBURTON CO;5439;23819;40621610;HAL;2017;5;4;5;0,8;1;11;7;0,6364;0,2;0,14;-0,05;0,1;0,67;2,01;25085;1373;2009;3565;3821;-463;20620
HASBRO INC;5518;52978;41805610;HAS;2017;7;7;5;1;0,714285714;14;12;0,8571;0,16;0,19;0,21;0,22;0,65;1,89;5289,98;134,88;810,36;982,2;2877,82;396,61;5209,78
HUNTINGTON BANCSHARES;5786;42906;44615010;HBAN;2017;4;4;4;1;1;16;14;0,875;0,63;0,02;0,12;0,08;0,9;8,63;104185;194;1788;2201;4108;1186;4740
HESS CORP;1380;28484;42809H10;HES;2017;4;4;2;1;0,5;13;12;0,9231;0,73;-0,08;-0,31;-0,27;0,47;0,93;23112;1937;-5392;-2185;-1568;-4074;5466
HARTFORD FINANCIAL SERVICES;61739;82775;41651510;HIG;2017;6;6;5;1;0,833333333;13;13;1;0,67;0,01;-0,02;0,08;0,94;15,69;225260;250;1636;1847;1847;-3131;16804
HONEYWELL INTERNATIONAL INC;1300;10145;43851610;HON;2017;6;6;3;1;0,5;11;9;0,8182;0,18;0,16;0,08;0,23;0,71;2,43;59387;1031;8122;9237;14858;1655;40534
HERSHEY CO;5597;16600;42786610;HSY;2017;8;8;5;1;0,625;14;13;0,9286;0,04;0,32;0,88;0,41;0,83;5,05;5553,73;257,68;1553,02;1781,12;3677,76;782,98;7515,43
HUMANA INC;27914;48653;44485910;HUM;2017;6;2;3;0,333333333;0,5;12;5;0,4167;0,29;0,15;0,24;0,24;0,64;1,76;27178;526;3493;3978;10343;2448;53732
INTL BUSINESS MACHINES CORP;6066;12490;45920010;IBM;2017;5;4;4;0,8;0,8;15;13;0,8667;0,13;0,13;0,31;0,17;0,86;6,12;125356;3229;10913;15454;40930;5753;79139
INTERCONTINENTAL EXCHANGE;163610;90993;45866F10;ICE;2017;4;4;2;1;0,5;10;9;0,9;0,47;0,04;0,13;0,11;0,78;3,62;78264;357;2435;2964;3623;2514;5834
INTL FLAVORS & FRAGRANCES;6078;40272;45950610;IFF;2017;6;6;6;1;1;11;10;0,9091;0,14;0,18;0,17;0,21;0,63;1,73;4598,93;128,97;646,11;762,28;1589,61;295,67;3398,72
INTEL CORP;6008;59328;45814010;INTC;2017;5;4;2;0,8;0,4;13;10;0,7692;0,33;0,23;0,14;0,2;0,43;0,76;123249;11778;18488;26617;47076;9601;62761
INTERPUBLIC GROUP OF COS;6136;53065;46069010;IPG;2017;7;5;7;0,714285714;1;11;8;0,7273;0,31;0,09;0,25;0,27;0,8;4,64;12695,2;155,9;973,6;1130,7;1130,7;579;7882,4
INTUITIVE SURGICAL INC;136725;88352;46120E60;ISRG;2017;4;3;1;0,75;0,25;8;6;0,75;0,12;0,19;0,13;0,21;0,18;0,22;5758;190,7;1079,9;1174,9;2296,9;660;3128,9
ILLINOIS TOOL WORKS;5878;56573;45230810;ITW;2017;7;7;2;1;0,285714286;12;11;0,9167;0,08;0,24;0,37;0,27;0,73;2,66;16780;297;3399;3861;6261;1687;14314
JOHNSON & JOHNSON;6266;22111;47816010;JNJ;2017;4;4;1;1;0,25;2;2;1;0,18;0,17;0,02;0,21;0,62;1,61;157303;3279;19847;25489;57463;1300;76450
JOHNSON & JOHNSON;6266;22111;47816010;JNJ;2017;4;4;1;1;0,25;10;10;1;0,18;0,17;0,02;0,21;0,62;1,61;157303;3279;19847;25489;57463;1300;76450
JUNIPER NETWORKS INC;121718;86979;48203R10;JNPR;2017;3;2;2;0,666666667;0,666666667;7;6;0,8571;0,45;0,12;0,06;0,13;0,52;1,1;9833,8;151,2;935,1;1155,4;3294,1;306,2;5027,2
JPMORGAN CHASE & CO;2968;47896;46625H10;JPM;2017;4;3;4;0,75;1;11;7;0,6364;0,64;0,02;0,11;0,07;0,9;8,91;2533600;0;52778;58957;93689;24441;113254
KELLANOVA;6375;26825;48783610;K;2017;7;7;3;1;0,428571429;15;14;0,9333;0,11;0,17;0,51;0,22;0,86;6,38;16350;501;2214;2695;5550;1269;12923
KEYCORP;9783;64995;49326710;KEY;2017;4;4;2;1;0,5;16;16;1;0,65;0,02;0,09;0,11;0,89;8,17;137698;112;3114;3114;5924;1296;6766
KINDER MORGAN INC;6310;12558;49456B10;KMI;2017;5;5;4;1;0,8;11;5;0,4545;0,84;0,07;0,01;0,05;0,56;1,31;79055;3188;3556;5817;5817;183;13705
COCA-COLA CO;3144;11308;19121610;KO;2017;4;3;2;0,75;0,5;14;10;0,7143;0,1;0,12;0,05;0,14;0,78;4,04;87896;1675;9430;10648;23375;1248;35410
LOEWS CORP;6781;26710;54042410;L;2017;8;2;2;0,25;0,25;14;4;0,2857;1,2;0,04;0,06;0,07;0,69;2,87;79586;1031;1959;2833;2833;1164;13500
LEGGETT & PLATT INC;6649;60943;52466010;LEG;2017;6;4;5;0,666666667;0,833333333;7;5;0,7143;0,2;0,17;0,24;0,2;0,66;1,98;3550,8;159,4;443,6;559,6;963,2;292,6;3943,8
LILLY (ELI) & CO;6730;50876;53245710;LLY;2017;5;4;3;0,8;0,6;14;11;0,7857;0,13;0,15;-0,02;0,2;0,74;2,87;44981;1076,8;4973,9;6420,4;18290,3;-204,1;22871,3
LINCOLN NATIONAL CORP;6742;49015;53418710;LNC;2017;5;2;1;0,4;0,2;11;4;0,3636;1,16;0,01;0,11;0,1;0,94;15,27;281763;0;2166;;2166;2079;14092
SOUTHWEST AIRLINES;9882;58683;84474110;LUV;2017;5;3;5;0,6;1;11;9;0,8182;0,33;0,2;0,28;0,28;0,58;1,41;25110;2249;3681;4899;7491;3488;21171
MASTERCARD INC;160225;91233;57636Q10;MA;2017;6;6;2;1;0,333333333;11;11;1;0,03;0,36;0,69;0,63;0,74;2,88;21329;300;6804;7240;7240;3915;12497
MARRIOTT INTL INC;28930;85913;57190320;MAR;2017;4;3;4;0,75;1;14;9;0,6429;0,09;0,12;0,46;0,2;0,84;5,42;23948;240;2521;2936;2936;1372;22891
MATTEL INC;7116;39538;57708110;MAT;2017;4;2;3;0,5;0,75;12;8;0,6667;0,25;0,02;-0,56;-0,04;0,8;3,96;6238,5;297,16;-167,1;96,99;2125,25;-1053,84;4924,95
METLIFE INC;133768;87842;59156R10;MET;2017;6;6;3;1;0,5;13;11;0,8462;1,2;0,01;0,07;0,06;0,92;10,88;719892;0;4981;5804;10919;4010;62412
MARSH & MCLENNAN COS;7065;45751;57174810;MMC;2017;5;5;4;1;0,8;12;12;1;0,19;0,18;0,21;0,24;0,64;1,76;20429;302;2914;3395;3395;1492;14024
3M CO;7435;22592;88579Y10;MMM;2017;5;5;4;1;0,8;12;10;0,8333;0,08;0,25;0,44;0,31;0,69;2,28;37987;1373;7333;8877;17286;4858;31657
MONSTER BEVERAGE CORP;24316;88031;61174X10;MNST;2017;4;1;2;0,25;0,5;7;1;0,1429;0,11;0,28;0,23;0,33;0,19;0,23;4791,01;83,44;1198,2;1247,09;2185,99;820,68;3368,46
ALTRIA GROUP INC;8543;13901;02209S10;MO;2017;6;5;2;0,833333333;0,333333333;12;11;0,9167;0,15;0,22;0,49;0,35;0,64;1,81;43202;199;9715;9924;12223;10222;19494
MOSAIC CO;162129;90386;61945C10;MOS;2017;5;4;2;0,8;0,4;11;8;0,7273;1,19;0,07;-0,01;0,04;0,48;0,94;18633,4;820,1;500,6;1185,7;1540,9;-107,2;7409,4
MARATHON PETROLEUM CORP;186989;12872;56585A10;MPC;2017;7;7;3;1;0,428571429;10;10;1;0,52;0,12;0,2;0,13;0,55;1,94;49047;2732;3362;5476;7190;3432;66974
MERCK & CO;7257;22752;58933Y10;MRK;2017;5;5;2;1;0,4;13;13;1;0,24;0,14;0,06;0,13;0,61;1,55;87872;1888;8148;12725;32196;2394;40122
MORGAN STANLEY;12124;69032;61744644;MS;2017;6;6;5;1;0,833333333;14;14;1;0,73;0,02;0,09;0,04;0,91;9,98;851733;1629;15913;17666;17666;6111;43642
M & T BANK CORP;4699;35554;55261F10;MTB;2017;5;5;2;1;0,4;13;12;0,9231;0,59;0,03;0,09;0,14;0,86;6,3;118593,49;78,97;3321,25;3518,37;5464,19;1408,31;6018,94
MURPHY OIL CORP;7620;28345;62671710;MUR;2017;4;2;1;0,5;0,25;13;10;0,7692;0,89;0,13;-0,06;0,03;0,53;1,13;9860,94;1009,67;239,85;1301,93;1585,75;-311,79;2097,7
NOBLE ENERGY INC;7912;61815;65504410;NBL;2017;6;4;1;0,666666667;0,166666667;12;8;0,6667;0,77;0,1;-0,1;0,01;0,51;1,09;21476;2649;113;2228;2831;-1118;4060
NASDAQ INC;149337;90601;63110310;NDAQ;2017;6;6;5;1;0,833333333;13;13;1;0,5;0,08;0,12;0,11;0,63;1,68;15786;144;1053;1241;1241;734;3965
NEXTERA ENERGY INC;4517;24205;65339F10;NEE;2017;5;5;2;1;0,4;12;12;1;0,46;0,1;0,15;0,11;0,7;2,42;97827;5371;6650;9007;9007;5378;17195
NEWMONT CORP;7881;21207;65163910;NEM;2017;4;4;3;1;0,75;12;11;0,9167;0,56;0,13;-0,01;0,09;0,43;0,84;20563;866;1309;2735;3294;-98;7348
NETFLIX INC;147579;89393;64110L10;NFLX;2017;4;1;1;0,25;0,25;9;1;0,1111;0,04;0,06;0,18;0,1;0,81;4,31;19012,74;173,3;838,68;910,59;4104,96;558,93;11692,71
NISOURCE INC;7974;38762;65473P10;NI;2017;5;5;1;1;0,2;10;10;1;0,65;0,08;0,02;0,07;0,78;3,62;19961,7;1695,8;932,2;1502,5;1502,5;128,5;4874,6
NORTHROP GRUMMAN CORP;7985;24766;66680710;NOC;2017;7;4;3;0,571428571;0,428571429;13;8;0,6154;0,13;0,12;0,33;0,19;0,8;3,95;34917;928;3299;3774;6429;2015;25803
NOV INC;63892;84032;63707110;NOV;2017;4;3;4;0,75;1;8;5;0,625;1,08;0,03;-0,02;-0,01;0,3;0,43;20206;192;-87;611;1780;-237;7304
NORFOLK SOUTHERN CORP;7923;64311;65584410;NSC;2017;6;5;6;0,833333333;1;13;12;0,9231;0,55;0,13;0,24;0,14;0,54;1,18;35711;1723;3435;4490;4490;5404;10551
NORTHERN TRUST CORP;7982;58246;66585910;NTRS;2017;5;4;4;0,8;0,8;14;11;0,7857;0,43;0,02;0,13;0,14;0,93;12,57;138590,5;91,6;2736,2;3157,9;5403,3;1199;5715,5
NUCOR CORP;8030;34817;67034610;NUE;2017;8;5;1;0,625;0,125;9;6;0,6667;0,45;0,17;0,15;0,15;0,43;0,77;15841,26;448,56;1904,38;2631,44;3296,47;1318,69;20252,39
NEWELL BRANDS INC;7875;60986;65122910;NWL;2017;3;1;3;0,333333333;1;9;6;0,6667;1,16;0,07;0,16;0,07;0,57;1,34;33135,5;406,2;1772,1;2408,1;5773,2;2748,8;14742,2
O-I GLASS INC;8215;77157;69076840;OI;2017;6;6;2;1;0,333333333;13;11;0,8462;0,25;0,1;0,29;0,09;0,9;10,93;9756;441;541;981;1543;180;6880
ONEOK INC;8151;25232;68268010;OKE;2017;5;4;5;0,8;1;11;10;0,9091;0,27;0,11;0,1;0,12;0,66;2,02;16845,94;512,39;1445,94;1852,28;1852,28;387,84;12173,91
OMNICOM GROUP INC;4066;30681;68191910;OMC;2017;7;6;6;0,857142857;0,857142857;13;11;0,8462;0,18;0,1;0,38;0,28;0,87;8,26;24931,2;156;2059,7;2341,8;2791,8;1088,4;15273,6
O'REILLY AUTOMOTIVE INC;28180;79103;67103H10;ORLY;2017;6;2;1;0,333333333;0,166666667;6;2;0,3333;0,04;0,26;0,92;0,48;0,91;10,59;7571,89;465,94;1716,3;1951,65;4956,03;1133,8;8977,73
OCCIDENTAL PETROLEUM CORP;8068;34833;67459910;OXY;2017;4;4;4;1;1;10;9;0,9;0,38;0,11;0,06;0,02;0,51;1,04;42026;3599;698;4700;6206;1311;12508
PACCAR INC;8253;60506;69371810;PCAR;2017;4;4;4;1;1;10;9;0,9;0,35;0,15;0,21;0,14;0,66;1,91;23440,2;1846,6;2293,2;3400,7;4242,7;1675,2;19456,4
PG&E CORP;8264;13688;69331C10;PCG;2017;5;5;4;1;0,8;15;14;0,9333;1,09;0,09;0,06;0,09;0,71;2,49;68012;5641;3282;6136;6136;1660;17135
PUBLIC SERVICE ENTRP GRP INC;8810;23712;74457310;PEG;2017;6;4;4;0,666666667;0,666666667;11;6;0,5455;0,73;0,08;0,08;0,09;0,68;2,08;42716;4190;2404;3415;3415;1574;9084
PEPSICO INC;8479;13856;71344810;PEP;2017;7;7;4;1;0,571428571;14;13;0,9286;0,08;0,17;0,32;0,22;0,86;6,34;79804;2969;10820;13189;37041;4857;63525
PFIZER INC;8530;21936;71708110;PFE;2017;5;4;5;0,8;1;12;9;0,75;0,35;0,12;0,26;0,14;0,58;1,4;171797;1956;14847;21116;43219;21308;52546
PRINCIPAL FINANCIAL GRP INC;145701;89195;74251V10;PFG;2017;6;5;1;0,833333333;0,166666667;12;10;0,8333;0,68;0,01;0,18;0,15;0,95;18,75;253941,2;164,8;2168,1;2363,8;2363,8;2310,4;13860,5
PROGRESSIVE CORP-OHIO;13341;64390;74331510;PGR;2017;4;2;3;0,5;0,75;10;6;0,6;0,29;0,07;0,18;0,19;0,75;3,11;38701,2;155,7;2291,8;2527,9;2527,9;1592,2;26814,9
PULTEGROUP INC;8823;54148;74586710;PHM;2017;5;5;5;1;1;13;13;1;0,44;0,1;0,1;0,12;0,57;1,33;9686,65;32,05;951,4;1002,4;1884,19;447,22;8573,25
PNC FINANCIAL SVCS GROUP INC;8245;60442;69347510;PNC;2017;5;3;2;0,6;0,4;14;8;0,5714;0,67;0,02;0,12;0,08;0,88;7,01;380768;0;7614;8731;15888;5338;18035
PINNACLE WEST CAPITAL CORP;1075;27991;72348410;PNW;2017;6;4;2;0,666666667;0,333333333;10;7;0,7;0,73;0,09;0,07;0,1;0,7;2,37;17019,08;1430,89;934,43;1468,55;1468,55;488,46;3565,3
PPG INDUSTRIES INC;8247;22509;69350610;PPG;2017;5;5;5;1;1;10;9;0,9;0,2;0,16;0,24;0,22;0,66;1,96;16538;360;2075;2535;6552;1594;14759
PPL CORP;8455;22517;69351T10;PPL;2017;6;6;5;1;0,833333333;9;8;0,8889;0,62;0,1;0,08;0,1;0,74;2,85;41479;3133;3068;4076;4076;1128;7447
PRUDENTIAL FINANCIAL INC;143356;89258;74432010;PRU;2017;3;3;3;1;1;13;13;1;1,11;0,01;0,16;0,1;0,93;14,38;831921;0;7844;8066;18440;7863;59727
QUANTA SERVICES INC;66446;85792;74762E10;PWR;2017;4;4;4;1;1;8;8;1;0,66;0,11;0,08;0,11;0,41;0,71;6480,15;244,65;450,81;666,82;1425,67;314,98;9466,48
PIONEER NATURAL RESOURCES CO;14359;75241;72378710;PXD;2017;5;5;3;1;0,6;11;9;0,8182;0,41;0,1;0,07;0,02;0,34;0,51;17003;2701;301;1732;2152;833;5294
QEP RESOURCES INC;154357;93422;74733V10;QEP;2017;6;6;6;1;1;8;8;1;1,87;0,09;0,06;-0,02;0,49;0,95;7394,8;1974,8;-106,7;676,8;852,3;269,3;1622,9
RYDER SYSTEM INC;9299;27633;78354910;R;2017;5;2;5;0,4;1;10;6;0,6;0,91;0,16;0,2;0,06;0,75;3,04;11452,23;1860,44;507,22;1768,39;2609,44;790,56;7329,6
REGIONS FINANCIAL CORP;4674;35044;7591EP10;RF;2017;5;4;4;0,8;0,8;13;12;0,9231;0,78;0,02;0,08;0,12;0,87;6,68;124294;150;2878;2878;5495;1263;6093
ROBERT HALF INC;2312;52230;77032310;RHI;2017;4;4;2;1;0,5;6;5;0,8333;0,16;0,32;0,27;0,47;0,41;0,69;1867,45;40,75;515,72;581,21;2227,74;290,58;5266,79
ROPER TECHNOLOGIES INC;24925;77338;77669610;ROP;2017;4;4;3;1;0,75;9;7;0,7778;0,29;0,11;0,13;0,1;0,52;1,09;14316,41;48,75;1210,24;1553,76;3208,31;971,77;4607,47
RANGE RESOURCES CORP;6788;50017;75281A10;RRC;2017;4;4;4;1;1;11;11;1;1,53;0,1;0,05;0,03;0,51;1,03;11728,84;1212,54;292,96;1187,68;1386,8;333,15;2609,11
REPUBLIC SERVICES INC;112168;86228;76075910;RSG;2017;8;7;1;0,875;0,125;12;9;0,75;0,35;0,13;0,16;0,1;0,62;1,66;21147;989,8;1632,4;2769,5;3826,9;1278,4;10041,5
SCANA CORP;9445;23085;80589M10;SCG;2017;5;4;1;0,8;0,2;11;9;0,8182;1,15;0,08;-0,02;0,09;0,72;2,57;18739;1225;1194;1576;1576;-119;4407
SCHWAB (CHARLES) CORP;13988;75186;80851310;SCHW;2017;6;4;5;0,666666667;0,833333333;14;6;0,4286;0,23;0,02;0,16;0,15;0,92;12,09;243274;400;3828;4097;4097;2354;8960
SEALED AIR CORP;9555;85926;81211K10;SEE;2017;6;6;5;1;0,833333333;10;9;0,9;0,02;0,13;0,15;0,16;0,97;33,67;5280,3;183,8;676,7;796,8;1524,2;814,9;4461,6
SHERWIN-WILLIAMS CO;9667;36468;82434810;SHW;2017;4;4;3;1;0,75;10;10;1;0,13;0,19;0,51;0,23;0,82;4,41;19958,43;222,77;2030,63;2522,39;7181,01;1772,26;14983,79
SLM CORP;20430;66325;78442P10;SLM;2017;7;7;3;1;0,428571429;13;12;0,9231;0,42;0,03;0,15;0,13;0,89;7,8;21779,58;0;607,65;619,29;619,29;288,93;1466,2
SNAP-ON INC;9778;60206;83303410;SNA;2017;3;3;3;1;1;9;9;1;0,3;0,2;0,2;0,24;0,43;0,77;5249,1;82;927,9;1021,1;2135,8;557,7;4000,3
SOUTHERN CO;9850;18411;84258710;SO;2017;5;4;2;0,8;0,4;14;13;0,9286;0,69;0,08;0,02;0,08;0,77;3,48;111005;7423;5981;8991;8991;880;23031
STERICYCLE INC;63527;83906;85891210;SRCL;2017;5;4;2;0,8;0,4;9;8;0,8889;0,45;0,11;0,02;0,09;0,58;1,14;6988,3;143;495,5;745;1569,6;42,4;3580,7
SEMPRA ENERGY;8272;86136;81685110;SRE;2017;7;7;1;1;0,142857143;14;13;0,9286;0,58;0,08;0,02;0,08;0,7;2,78;50454;3949;2350;3840;3840;257;11207
STANLEY BLACK & DECKER INC;10016;43350;85450210;SWK;2017;5;5;3;1;0,6;11;11;1;0,31;0,13;0,16;0,16;0,56;1,3;19079,9;442,4;1718,6;2179,3;5121,7;1226;12747,2
SOUTHWESTERN ENERGY CO;9904;63765;84546710;SWN;2017;5;4;5;0,8;1;10;7;0,7;0,69;0,17;0,72;0,12;0,74;2,8;7521;1268;736;1240;1240;1046;3203
STRYKER CORP;10115;73139;86366710;SYK;2017;3;3;3;1;1;7;6;0,8571;0,17;0,16;0,1;0,16;0,55;1,23;22197;598;2760;3402;8523;1020;12444
AT&T INC;9899;66093;00206R10;T;2017;4;4;2;1;0,5;13;11;0,8462;0,77;0,12;0,16;0,09;0,68;2,14;444097;21550;24974;49361;83410;29450;160789
TERADATA CORP;178310;92293;88076W10;TDC;2017;4;3;2;0,75;0,5;11;8;0,7273;0,14;0,1;-0,08;0,07;0,74;2,83;2556;78;102;240;1161;-67;2156
TERADYNE INC;10453;51369;88077010;TER;2017;3;1;3;0,333333333;1;7;5;0,7143;0,24;0,22;0,14;0,24;0,37;0,59;3109,55;105,38;539,39;636,04;1289,99;257,69;2136,61
THERMO FISHER SCIENTIFIC INC;10530;62092;88355610;TMO;2017;4;4;3;1;0,75;11;9;0,8182;0,37;0,1;0,09;0,08;0,55;1,23;56669;508;3266;5294;10516;2225;20918
TRIPADVISOR INC;199356;13168;89694520;TRIP;2017;3;3;3;1;1;7;7;1;0,29;0,1;-0,01;0,08;0,4;0,67;2272;64;124;235;1484;-19;1556
PRICE (T. ROWE) GROUP;12138;10138;74144T10;TROW;2017;5;4;3;0,8;0,6;12;10;0,8333;0,23;0,32;0,28;0,38;0,1;0,12;7534,7;186,1;2058,8;2202,4;2202,4;1497,8;4793
TRAVELERS COS INC;62689;59459;89417E10;TRV;2017;9;7;3;0,777777778;0,333333333;14;11;0,7857;0,64;0,03;0,09;0,09;0,77;3,36;103483;0;2702;3515;6872;2056;28505
TOTAL SYSTEM SERVICES INC;10631;76639;89190610;TSS;2017;3;1;1;0,333333333;0,333333333;13;8;0,6154;0,17;0,17;0,23;0,14;0,63;1,77;6331,69;70,04;749,36;1103,83;1525,62;586,19;4927,97
TEXAS INSTRUMENTS INC;10499;15579;88250810;TXN;2017;5;5;2;1;0,4;12;12;1;0,1;0,41;0,35;0,43;0,41;0,71;17642;695;6094;6998;10200;3682;14961
TEXTRON INC;10519;23579;88320310;TXT;2017;8;8;5;1;0,625;14;13;0,9286;0,39;0,1;0,05;0,11;0,63;1,72;15340;423;1066;1497;2834;307;14198
UNITEDHEALTH GROUP INC;10903;92655;91324P10;UNH;2017;5;5;5;1;1;12;11;0,9167;0,23;0,13;0,23;0,2;0,63;1,82;139058;2023;15209;17454;47011;10558;201159
UNUM GROUP;12726;71175;91529Y10;UNM;2017;5;3;5;0,6;1;11;7;0,6364;0,8;0,03;0,11;0,12;0,85;5,69;64013,1;105,3;1563,9;1672,1;1672,1;994,2;11286,8
UNION PACIFIC CORP;10867;48725;90781810;UNP;2017;6;4;2;0,666666667;0,333333333;12;9;0,75;0,34;0,18;0,3;0,21;0,57;1,33;57806;3238;8147;10252;10252;10712;21240
UNITED PARCEL SERVICE INC;10920;87447;91131210;UPS;2017;4;3;4;0,75;1;12;11;0,9167;0,02;0,23;4,32;0,36;0,98;44,37;45403;5227;7509;9791;9791;4910;65872
VF CORP;11060;43553;91820410;VFC;2017;7;7;6;1;0,857142857;14;14;1;0,13;0,19;0,16;0,22;0,63;1,68;9958,5;169,55;1554,31;1831,45;6253,86;614,92;11811,18
VALERO ENERGY CORP;15247;85269;91913Y10;VLO;2017;4;3;3;0,75;0,75;10;8;0,8;0,67;0,1;0,15;0,12;0,54;1,24;50158;1451;3660;4960;5795;4065;88407
VULCAN MATERIALS CO;11228;15202;92916010;VMC;2017;6;5;2;0,833333333;0,333333333;13;12;0,9231;0,32;0,11;0,11;0,09;0,48;0,91;9504,89;459,57;676,64;982,61;1306,53;601,19;3890,3
VERIZON COMMUNICATIONS INC;2136;65875;92343V10;VZ;2017;6;4;5;0,666666667;0,833333333;11;7;0,6364;0,34;0,18;0,42;0,19;0,83;4,93;257143;17247;27206;43936;74649;30101;126034
WATERS CORP;61574;82651;94184810;WAT;2017;6;6;6;1;1;9;8;0,8889;0,15;0,16;0,01;0,17;0,58;1,38;5324,35;85,47;698,2;804,2;1461,27;20,31;2309,08
WHIRLPOOL CORP;11465;25419;96332010;WHR;2017;6;6;1;1;0,166666667;12;12;1;0,36;0,11;0,08;0,16;0,74;3,55;20038;684;1454;2108;4212;350;21288
WASTE MANAGEMENT INC;14477;11955;94106L10;WM;2017;7;7;6;1;0,857142857;9;8;0,8889;0,19;0,19;0,28;0,17;0,72;2,62;21829;1509;2631;4103;5571;1949;14485
WILLIAMS COS INC;11506;38156;96945710;WMB;2017;5;5;5;1;1;10;9;0,9;0,51;0,08;0,2;0,06;0,65;3,13;46352;2399;1846;3582;4146;2174;8031
WPX ENERGY INC;187128;13141;98212B10;WPX;2017;3;3;3;1;1;10;10;1;0,71;0,09;0;-0,02;0,5;0,99;8207;1161;-113;660;837;-16;1336
WYNN RESORTS LTD;149318;89533;98313410;WYNN;2017;4;4;3;1;0,75;8;7;0,875;0,05;0,13;0,48;0,1;0,91;12,24;12681,74;935,47;1055,57;1607,93;2342,98;747,18;6306,37
UNITED STATES STEEL CORP;23978;76644;91290910;X;2017;8;7;5;0,875;0,625;12;11;0,9167;0,54;0,11;0,14;0,09;0,66;1,97;9862;505;510;1011;1386;387;12250
XCEL ENERGY INC;7977;23931;98389B10;XEL;2017;7;7;3;1;0,428571429;12;12;1;0,63;0,09;0,07;0,08;0,73;2,76;43030;3244;2198;3677;3677;1148;11404
EXXON MOBIL CORP;4503;11850;30231G10;XOM;2017;6;6;5;1;0,833333333;13;11;0,8462;0,61;0,09;0,09;0,05;0,44;0,82;348691;15402;12074;31967;44713;19710;237162
XEROX HOLDINGS CORP;11636;27983;98412160;XRX;2017;5;4;4;0,8;0,8;11;10;0,9091;0,72;0,09;0,04;0,1;0,65;1,92;15946;69;1073;1596;4673;195;10265
XYLEM INC;189491;13035;98419M10;XYL;2017;4;4;2;1;0,5;10;9;0,9;0,22;0,13;0,12;0,14;0,63;1,73;6860;170;630;864;2085;331;4707
ZIONS BANCORPORATION NA;11687;84129;98970110;ZION;2017;5;5;5;1;1;12;9;0,75;0,71;0,02;0,08;0,11;0,88;7,63;66288;169;1136;1315;2585;592;2736
ALCOA CORP;27638;16347;01387210;AA;2018;4;4;4;1;1;12;12;1;1,15;0,18;0,04;0,36;0,54;1,59;15938;399;2336;3069;3348;227;13403
ABBOTT LABORATORIES;1078;20482;00282410;ABT;2018;6;3;1;0,5;0,166666667;13;8;0,6154;0,26;0,11;0,07;0,08;0,54;1,19;67173;1394;4284;7562;19201;2368;30578
ARCHER-DANIELS-MIDLAND CO;1722;10516;03948310;ADM;2018;5;5;1;1;0,2;12;11;0,9167;0,88;0,07;0,09;0,08;0,53;1,15;40833;842;2020;2961;5122;1810;64341
AMERICAN ELECTRIC POWER CO;1440;24109;02553710;AEP;2018;7;6;7;0,857142857;1;12;11;0,9167;0,71;0,08;0,07;0,06;0,72;2,6;68802,8;6357;2738,7;5025,3;5025,3;1923,8;16195,7
AMERICAN INTERNATIONAL GROUP;1487;66800;02687478;AIG;2018;6;6;4;1;0,666666667;12;12;1;1,66;0,02;0;0,02;0,88;7,71;491984;0;2225;7587;7587;-6;47560
ASSURANT INC;157057;90038;04621X10;AIZ;2018;4;3;4;0,75;1;13;9;0,6923;0,87;0,04;0,06;0,08;0,88;6,66;41089,3;82,8;544,5;1486,6;1486,6;251;8054,5
AKAMAI TECHNOLOGIES INC;125595;87299;00971T10;AKAM;2018;6;5;1;0,833333333;0,166666667;10;9;0,9;0,32;0,17;0,09;0,1;0,42;0,71;5461,77;405,74;455,78;861,7;2053,58;298,37;2714,47
ALLSTATE CORP;28349;79323;02000210;ALL;2018;5;5;4;1;0,8;12;12;1;0,72;0,03;0,11;0,11;0,81;4,25;112249;277;2874;3280;3280;2252;39364
ALTAIR ENGINEERING INC;32530;17034;02136910;ALTR;2018;4;2;1;0,5;0,25;6;3;0,5;0,15;0,12;0,09;0,17;0,4;0,67;483,22;6,66;31,44;46,18;293,4;13,72;402,38
AMERIPRISE FINANCIAL INC;164708;90880;03076C10;AMP;2018;4;4;3;1;0,75;10;8;0,8;0,39;0,02;0,36;0,25;0,96;23,56;137216;162;2759;2935;6062;2098;12910
AMAZON.COM INC;64768;84788;02313510;AMZN;2018;3;3;3;1;1;9;9;1;0,06;0,17;0,27;0,15;0,73;2,73;162648;13427;12242;24855;105869;10073;232887
AUTONATION INC;9063;76282;05329W10;AN;2018;4;2;3;0,5;0,75;10;7;0,7;0,87;0,09;0,15;0,08;0,75;2,93;10665,1;400,8;730,7;896,9;3397,3;396;21412,8
APA CORP;1678;39490;03741110;APA;2018;5;3;5;0,6;1;9;7;0,7778;0,76;0,19;0,01;0,1;0,59;1,79;21582;3904;1494;4221;4941;40;7331
AMPHENOL CORP;14282;84769;03209510;APH;2018;4;3;2;0,75;0,5;7;5;0,7143;0,18;0,2;0,28;0,22;0,6;1,49;10044,9;310,6;1695,4;1989,9;2949,4;1205;8202
ATI INC -NEW;10405;43123;01741R10;ATI;2018;4;3;1;0,75;0,25;10;5;0,5;0,69;0,09;0,12;0,11;0,64;1,86;5501,8;139,2;362,1;504;772,2;222,4;4046,6
BOEING CO;2285;19561;09702310;BA;2018;7;6;4;0,857142857;0,571428571;13;10;0,7692;0,01;0,13;4,9;0,93;1;344,98;117359;1722;11870;13698;21534;10460;101127
BANK OF AMERICA CORP;7647;59408;06050510;BAC;2018;7;7;7;1;1;14;13;0,9286;1,02;0,02;0,12;0,07;0,89;7,87;2354507;0;48980;51043;88694;28147;111313
BAXTER INTERNATIONAL INC;2086;27887;07181310;BAX;2018;6;5;5;0,833333333;0,833333333;12;8;0,6667;0,24;0,16;0,19;0,15;0,5;1;15641;681;1767;2540;5606;1624;11127
BIOGEN INC;24468;76841;09062X10;BIIB;2018;4;0;3;0;0,75;10;2;0,2;0,25;0,29;0,32;0,34;0,48;0,94;25288,9;770,6;6386;7100,9;11793,5;4430,7;13452,9
BANK OF NEW YORK MELLON CORP;2019;49656;06405810;BK;2018;6;6;3;1;0,5;12;10;0,8333;0,88;0,03;0,11;0,09;0,89;7,92;362873;1108;7999;9338;16403;4266;19213
BLACKROCK INC;124434;87267;09247X10;BLK;2018;8;4;8;0,5;1;19;11;0,5789;0,58;0,03;0,12;0,15;0,79;3,89;159573;204;5595;5799;5799;4305;14198
BRISTOL-MYERS SQUIBB CO;2403;19393;11012210;BMY;2018;6;6;6;1;1;11;11;1;0,17;0,17;0,38;0,25;0,6;1,49;34986;951;5238;5941;16758;4920;22561
BOSTON SCIENTIFIC CORP;25279;77605;10113710;BSX;2018;5;5;5;1;1;9;9;1;0,19;0,14;0,21;0,13;0,58;1,41;20999;316;1906;2801;7325;1671;9823
PEABODY ENERGY CORP;142460;16689;70455110;BTU;2018;3;3;3;1;1;9;9;1;1,01;0,17;0,2;0,13;0,54;1,17;7423,7;688,4;619,1;1351,1;1509,2;646,6;5581,8
BORGWARNER INC;28742;79545;09972410;BWA;2018;5;3;3;0,6;0,6;13;10;0,7692;0,59;0,17;0,23;0,21;0,57;1,36;10095,3;546,6;1283,7;1715;2660,7;930,7;10529,6
CITIGROUP INC;3243;70519;17296742;C;2018;7;7;5;1;0,714285714;16;16;1;1,44;0,02;0,1;0,05;0,9;8,77;1917383;3774;37695;41449;41449;18045;96720
CATERPILLAR INC;2817;18542;14912310;CAT;2018;4;3;4;0,75;1;11;8;0,7273;0,2;0,16;0,43;0,19;0,82;4,59;78509;2916;9578;12344;19672;6147;54722
CERNER CORP;12850;10909;15678210;CERN;2018;5;3;1;0,6;0,2;7;5;0,7143;0,31;0,22;0,12;0,15;0,27;0,36;6708,64;446,93;824,97;1467,2;4773,61;630,06;5366,33
CF INDUSTRIES HOLDINGS INC;163946;90829;12526910;CF;2018;6;4;5;0,666666667;0,833333333;13;11;0,8462;0,42;0,12;0,07;0,09;0,55;2,34;12661;422;720;1592;1789;290;4429
C H ROBINSON WORLDWIDE INC;65609;85459;12541W20;CHRW;2018;6;5;6;0,833333333;1;9;8;0,8889;0,14;0,23;0,43;0,31;0,64;1,78;4427,41;45;912,08;1008,81;2801,96;664,51;16631,17
CIGNA GROUP (THE);2547;64186;12552310;CI;2018;6;6;4;1;0,666666667;15;15;1;0,7;0,05;0,08;0,09;0,73;2,73;153226;528;4774;5453;17360;2637;48489
CINCINNATI FINANCIAL CORP;14824;23473;17206210;CINF;2018;9;5;4;0,555555556;0,444444444;14;6;0,4286;0,67;0,02;0,03;0,03;0,64;1,8;21935;20;304;335;335;287;5407
METLIFE INC;133768;87842;59156R10;MET;2018;7;7;4;1;0,571428571;13;11;0,8462;1,39;0,01;0,09;0,1;0,92;11,3;687538;0;7585;8366;13517;5123;67957
MARSH & MCLENNAN COS;7065;45751;57174810;MMC;2018;5;5;4;1;0,8;12;12;1;0,2;0,16;0,21;0,23;0,65;1,86;21578;314;2966;3460;3460;1650;14950
3M CO;7435;22592;88579Y10;MMM;2018;5;5;4;1;0,8;12;11;0,9167;0,09;0,25;0,49;0,31;0,73;2,72;36500;1577;7684;9172;17588;5349;32765
MONSTER BEVERAGE CORP;24316;88031;61174X10;MNST;2018;4;1;2;0,25;0,5;7;1;0,1429;0,13;0,29;0,26;0,34;0,2;0,25;4526,89;61,94;1283,62;1340,6;2352,35;993;3807,18
ALTRIA GROUP INC;8543;13901;02209S10;MO;2018;5;4;2;0,8;0,4;12;11;0,9167;0,22;0,2;0,34;0,28;0,73;2,76;55638;238;9647;9874;12510;6963;19627
MOSAIC CO;162129;90386;61945C10;MOS;2018;5;4;2;0,8;0,4;13;11;0,8462;1,02;0,1;0,04;0,07;0,47;0,92;20119,2;954,5;1099,4;2025,6;2454,6;470;9587,3
MARATHON PETROLEUM CORP;186989;12872;56585A10;MPC;2018;8;8;4;1;0,5;14;14;1;1;0,11;0,1;0,12;0,52;1,36;92940;3578;5170;7660;9881;2780;96504
MERCK & CO;7257;22752;58933Y10;MRK;2018;4;4;2;1;0,5;13;12;0,9231;0,14;0,16;0,19;0,16;0,67;2,09;82637;2615;9087;13404;33123;6220;42294
MORGAN STANLEY;12124;69032;61744644;MS;2018;4;4;3;1;0,75;14;14;1;1,06;0,03;0,12;0,05;0,9;9,61;853531;1865;20068;21912;21912;8748;50193
M & T BANK CORP;4699;35554;55261F10;MTB;2018;5;5;2;1;0,4;12;11;0,9167;0,72;0,03;0,13;0,14;0,87;6,77;120097,4;97,68;3566,21;3745,21;5796,3;1918,08;6454,71
MURPHY OIL CORP;7620;28345;62671710;MUR;2018;4;2;1;0,5;0,25;12;9;0,75;1,23;0,16;0,09;0,07;0,53;1,21;11052,59;1897,43;580,23;1636,86;1916,69;411,09;2544,65
NOBLE ENERGY INC;7912;61815;65504410;NBL;2018;5;3;1;0,6;0,2;12;5;0,4167;1,16;0,1;-0,01;0,01;0,5;1,12;21010;3279;239;2174;2688;-66;4461
NASDAQ INC;149337;90601;63110310;NDAQ;2018;5;5;4;1;0,8;10;10;1;0,44;0,08;0,07;0,11;0,65;1,88;15700;111;1083;1293;1293;458;4277
NEXTERA ENERGY INC;4517;24205;65339F10;NEE;2018;7;7;2;1;0,285714286;13;13;1;0,5;0,08;0,18;0,06;0,63;1,93;103702;5279;4315;8226;8226;6638;16727
NEWMONT CORP;7881;21207;65163910;NEM;2018;4;4;3;1;0,75;13;12;0,9231;0,6;0,11;0,03;0,06;0,44;0,88;20715;1032;848;2226;2820;341;7253
NETFLIX INC;147579;89393;64110L10;NFLX;2018;3;1;1;0,333333333;0,333333333;11;2;0,1818;0,04;0,08;0,27;0,13;0,8;3,96;25974,4;173,95;1605,23;1688,38;5909,96;1211,24;15794,34
NISOURCE INC;7974;38762;65473P10;NI;2018;7;7;4;1;0,571428571;11;11;1;0,66;0,07;-0,01;0,07;0,74;2,79;21804;1818,2;955,3;1554,9;1554,9;-50,6;5114,5
NORTHROP GRUMMAN CORP;7985;24766;66680710;NOC;2018;7;4;3;0,571428571;0,428571429;12;7;0,5833;0,2;0,13;0,42;0,17;0,78;3,6;37653;1249;3809;4609;7620;3229;30095
NOV INC;63892;84032;63707110;NOV;2018;5;4;5;0,8;1;7;5;0,7143;1,46;0,05;0;0,01;0,3;0,43;19796;244;211;901;2134;-31;8453
NORFOLK SOUTHERN CORP;7923;64311;65584410;NSC;2018;5;4;5;0,8;1;13;12;0,9231;0,54;0,14;0,12;0,15;0,58;1,36;36239;1951;3881;4983;4983;2666;11458
NORTHERN TRUST CORP;7982;58246;66585910;NTRS;2018;5;4;5;0,8;1;13;10;0,7692;0,55;0,03;0,16;0,14;0,92;11,58;132212,5;97,6;3157,2;3618,1;5982,8;1556,4;6667
NUCOR CORP;8030;34817;67034610;NUE;2018;8;5;2;0,625;0,25;8;5;0,625;0,64;0,24;0,25;0,25;0,43;0,79;17920,59;982,53;3386,59;4106,22;4987,45;2360,77;25067,28
NEWELL BRANDS INC;7875;60986;65122910;NWL;2018;7;5;4;0,714285714;0,571428571;19;16;0,8421;0,8;0,04;-0,57;0,04;0,7;2,37;17716,4;384,4;728;1084;3358,7;-6917,9;8630,9
O-I GLASS INC;8215;77157;69076840;OI;2018;6;6;3;1;0,5;13;12;0,9231;0,33;0,12;0,16;0,12;0,91;11,19;9699;536;708;1148;1701;257;6890
ONEOK INC;8151;25232;68268010;OKE;2018;4;3;4;0,75;1;8;7;0,875;0,31;0,13;0,19;0,12;0,64;1,77;18231,67;2141,48;1834,86;2263,42;2263,42;1151,7;12593,2
OMNICOM GROUP INC;4066;30681;68191910;OMC;2018;6;5;5;0,833333333;0,833333333;13;10;0,7692;0,18;0,1;0,44;0,28;0,86;8,35;24617;195,7;2104,5;2368,5;2821,7;1326,4;15290,2
O'REILLY AUTOMOTIVE INC;28180;79103;67103H10;ORLY;2018;6;3;1;0,5;0,166666667;6;3;0,5;0,02;0,27;2,21;0,49;0,96;21,57;7980,79;504,27;1815,18;2075,02;5299,8;1324,49;9536,43
OCCIDENTAL PETROLEUM CORP;8068;34833;67459910;OXY;2018;4;4;4;1;1;10;9;0,9;0,48;0,2;0,19;0,15;0,51;1,06;43854;4975;4659;8636;10359;4131;17824
PITNEY BOWES INC;8606;24459;72447910;PBI;2018;6;4;4;0,666666667;0,666666667;13;9;0,6923;0,48;0,09;0,44;0,1;0,96;23,94;5972,9;191,44;380,73;584,02;1832,72;223,67;3522,38
PACCAR INC;8253;60506;69371810;PCAR;2018;5;5;5;1;1;11;9;0,8182;0,47;0,16;0,24;0,16;0,66;1,97;25482,4;1952,3;2875,4;3929,5;4896,8;2195,1;23495,7
PG&E CORP;8264;13688;69331C10;PCG;2018;4;4;4;1;1;13;12;0,9231;1,29;0,08;-0,33;0,07;0,83;4,97;76995;6514;2705;5741;5741;-6837;16759
PUBLIC SERVICE ENTRP GRP INC;8810;23712;74457310;PEG;2018;8;8;5;1;0,625;12;9;0,75;0,77;0,08;0,07;0,08;0,68;2,15;45326;3912;2247;3405;3405;1438;9696
PEPSICO INC;8479;13856;71344810;PEP;2018;5;5;4;1;0,8;12;11;0,9167;0,12;0,16;0,78;0,22;0,81;4,34;77648;3282;10457;12856;37682;12515;64661
PFIZER INC;8530;21936;71708110;PFE;2018;6;5;5;0,833333333;0,833333333;13;12;0,9231;0,27;0,13;0,16;0,14;0,6;1,51;159422;2042;15434;21818;44009;11153;53647
PRINCIPAL FINANCIAL GRP INC;145701;89195;74251V10;PFG;2018;6;5;1;0,833333333;0,166666667;12;9;0,75;1;0,01;0,12;0,11;0,95;20,3;243036,1;92,3;1770;1975,1;1975,1;1546,5;14075,6
PROGRESSIVE CORP-OHIO;13341;64390;74331510;PGR;2018;4;2;3;0,5;0,75;11;9;0,8182;0,29;0,08;0,26;0,24;0,76;3,28;46575;266;3330,1;3596,5;3596,5;2615,3;31954,7
PULTEGROUP INC;8823;54148;74586710;PHM;2018;6;6;5;1;0,833333333;12;11;0,9167;0,67;0,14;0,23;0,17;0,53;1,11;10172,98;59,04;1330,6;1380,03;2392,05;1022,02;10188,33
PNC FINANCIAL SVCS GROUP INC;8245;60442;69347510;PNC;2018;6;4;2;0,666666667;0,333333333;16;12;0,75;0,86;0,02;0,12;0,08;0,88;7,01;382315;0;8203;9332;16724;5301;19993
PINNACLE WEST CAPITAL CORP;1075;27991;72348410;PNW;2018;6;4;2;0,666666667;0,333333333;10;7;0,7;0,76;0,08;0,07;0,08;0,7;2,36;17664,2;1203,35;773,69;1356,04;1356,04;511,05;3691,25
PPG INDUSTRIES INC;8247;22509;69350610;PPG;2018;5;5;5;1;1;10;9;0,9;0,21;0,15;0,24;0,19;0,7;2,44;16015;411;1881;2369;6383;1341;15384
PPL CORP;8455;22517;69351T10;PPL;2018;6;6;5;1;0,833333333;10;9;0,9;0,71;0,09;0,13;0,09;0,73;2,72;43396;3238;2865;3959;3959;1827;7785
PRUDENTIAL FINANCIAL INC;143356;89258;74432010;PRU;2018;3;3;3;1;1;12;12;1;1,45;0,01;0,08;0,08;0,94;15,76;815078;0;6240;6401;16789;4074;62998
QUANTA SERVICES INC;66446;85792;74762E10;PWR;2018;3;3;3;1;1;7;6;0,8571;0,9;0,12;0,08;0,13;0,49;0,96;7075,79;293,6;596,96;843,47;1682,48;293,35;11171,42
PIONEER NATURAL RESOURCES CO;14359;75241;72378710;PXD;2018;5;5;3;1;0,6;11;8;0,7273;0,59;0,2;0,08;0,11;0,32;0,48;17903;3783;1514;3511;4000;978;9379
QEP RESOURCES INC;154357;93422;74733V10;QEP;2018;6;6;6;1;1;8;8;1;2,27;-0,05;-0,28;-0,22;0,55;1,22;6117,8;1299,7;-1231,1;-337,7;-170;-1011,6;1932,6
RYDER SYSTEM INC;9299;27633;78354910;R;2018;5;2;5;0,4;1;12;8;0,6667;1,65;0,16;0,07;0,07;0,78;3,48;13051,08;3050,41;601,42;2004,39;2859,19;273,3;8409,22
REGIONS FINANCIAL CORP;4674;35044;7591EP10;RF;2018;6;5;5;0,833333333;0,833333333;14;11;0,7857;1,04;0,02;0,11;0,11;0,88;7,33;125688;151;2918;2918;5525;1759;6412
ROBERT HALF INC;2312;52230;77032310;RHI;2018;3;3;2;1;0,666666667;5;4;0,8;0,16;0,35;0,4;0,54;0,44;0,79;1903,1;42,48;587,22;653,17;2474,26;434,29;5800,27
ROPER TECHNOLOGIES INC;24925;77338;77669610;ROP;2018;4;4;3;1;0,75;10;9;0,9;0,31;0,12;0,12;0,11;0,49;0,97;15249,5;49,1;1396,4;1762,4;3645,5;944,4;5191,2
RANGE RESOURCES CORP;6788;50017;75281A10;RRC;2018;4;4;4;1;1;12;12;1;1,98;0,12;-0,31;0,01;0,58;1,39;9708,15;1023;98,98;1249,44;1459,77;-1746,48;3281,93
REPUBLIC SERVICES INC;112168;86228;76075910;RSG;2018;6;6;3;1;0,5;11;10;0,9091;0,34;0,13;0,13;0,1;0,63;1,73;21617;1071,8;1669,1;2803,8;3851,3;1036,9;10040,9
SCHWAB (CHARLES) CORP;13988;75186;80851310;SCHW;2018;6;5;5;0,833333333;0,833333333;14;7;0,5;0,32;0,02;0,21;0,16;0,93;13,31;296482;570;4818;5124;5124;3507;10989
SHERWIN-WILLIAMS CO;9667;36468;82434810;SHW;2018;4;4;3;1;0,75;9;8;0,8889;0,13;0,16;0,22;0,19;0,81;4,13;19134,28;250,96;2551,07;3147,35;7696,73;1108,75;17534,49
SLM CORP;20430;66325;78442P10;SLM;2018;6;6;3;1;0,5;12;11;0,9167;0,71;0,03;0,21;0,11;0,89;7,96;26638,17;0;692,36;706,18;706,18;487,48;1883,54
SNAP-ON INC;9778;60206;83303410;SNA;2018;3;3;3;1;1;9;9;1;0,39;0,2;0,22;0,23;0,42;0,73;5373,1;90,9;951,8;1045,9;2194,2;679,9;4070,4
SOUTHERN CO;9850;18411;84258710;SO;2018;6;6;2;1;0,333333333;15;15;1;0,74;0,07;0,07;0,07;0,75;3,5;116914;8001;5253;8384;8384;2242;23495
STERICYCLE INC;63527;83906;85891210;SRCL;2018;6;6;2;1;0,333333333;9;9;1;0,87;0,09;-0,09;0,06;0,6;1,49;6455,5;130,8;353,6;609,5;1502;-244,7;3485,9
SEMPRA ENERGY;8272;86136;81685110;SRE;2018;6;6;1;1;0,166666667;14;13;0,9286;0,59;0,07;0,06;0,07;0,68;2,41;60638;3784;2593;4142;4142;1050;11687
STANLEY BLACK & DECKER INC;10016;43350;85450210;SWK;2018;6;6;4;1;0,666666667;12;12;1;0,43;0,11;0,08;0,15;0,6;1,48;19408;492,1;1676,8;2183,3;5197,2;605,2;13982,4
SOUTHWESTERN ENERGY CO;9904;63765;84546710;SWN;2018;4;3;4;0,75;1;10;7;0,7;1,27;0,24;0,25;0,18;0,59;1,45;5797;1290;1016;1576;1576;537;3862
STRYKER CORP;10115;73139;86366710;SYK;2018;5;5;4;1;0,8;10;9;0,9;0,2;0,15;0,33;0,16;0,57;1,32;27229;572;3100;3823;9288;3553;13601
AT&T INC;9899;66093;00206R10;T;2018;4;4;2;1;0,5;13;11;0,8462;1,16;0,12;0,09;0,08;0,64;1,84;531864;21251;28144;56574;91386;19370;170805
TERADATA CORP;178310;92293;88076W10;TDC;2018;4;3;1;0,75;0,25;11;8;0,7273;0,11;0,09;0,05;0,07;0,79;3,77;2360;153;86;216;1154;30;2164
TERADYNE INC;10453;51369;88077010;TER;2018;3;1;3;0,333333333;1;7;5;0,7143;0,28;0,2;0,26;0,23;0,44;0,78;2706,61;114,38;489,43;596,04;1288,21;451,78;2100,8
THERMO FISHER SCIENTIFIC INC;10530;62092;88355610;TMO;2018;4;4;3;1;0,75;12;10;0,8333;0,33;0,11;0,1;0,08;0,51;1,04;56232;758;3918;6184;11916;2938;24358
TRIPADVISOR INC;199356;13168;89694520;TRIP;2018;3;3;3;1;1;8;8;1;0,2;0,14;0,08;0,12;0,32;0,47;2167;61;188;304;1529;113;1615
PRICE (T. ROWE) GROUP;12138;10138;74144T10;TROW;2018;6;6;3;1;0,5;13;12;0,9231;0,28;0,33;0,31;0,39;0,11;0,13;7689,3;168,5;2355,2;2514,7;2514,7;1837,5;5372,6
TRAVELERS COS INC;62689;59459;89417E10;TRV;2018;6;5;4;0,833333333;0,666666667;13;11;0,8462;0,73;0,04;0,11;0,1;0,78;3,55;104233;0;2948;3751;7245;2523;29917
TOTAL SYSTEM SERVICES INC;10631;76639;89190610;TSS;2018;3;1;1;0,333333333;0,333333333;12;8;0,6667;0,2;0,18;0,21;0,14;0,65;1,89;7468,71;113,27;851,74;1259,77;1741,66;576,66;4028,21
TEXAS INSTRUMENTS INC;10499;15579;88250810;TXN;2018;5;5;1;1;0,2;12;12;1;0,1;0,44;0,57;0,47;0,48;0,91;17137;1131;6716;7670;10913;5580;15784
TEXTRON INC;10519;23579;88320310;TXT;2018;9;9;5;1;0,555555556;12;11;0,9167;0,49;0,1;0,22;0,12;0,64;1,75;14264;369;1103;1527;2802;1222;13972
UNITEDHEALTH GROUP INC;10903;92655;91324P10;UNH;2018;5;5;5;1;1;11;10;0,9091;0,23;0,14;0,23;0,21;0,63;1,86;152221;2063;17344;19772;53846;11986;226247
UNUM GROUP;12726;71175;91529Y10;UNM;2018;5;4;5;0,8;1;11;10;0,9091;1,37;0,01;0,06;0,06;0,86;6,18;61875,6;144,1;795,8;903,6;903,6;523,4;11599,2
UNION PACIFIC CORP;10867;48725;90781810;UNP;2018;6;5;3;0,833333333;0,5;12;11;0,9167;0,32;0,18;0,18;0,2;0,65;1,9;59147;3437;8542;10733;10733;5966;22832
UNITED PARCEL SERVICE INC;10920;87447;91131210;UPS;2018;5;4;5;0,8;1;13;11;0,8462;0,06;0,2;1,5;0,29;0,94;15,55;50016;6283;7384;9591;9591;4791;71861
VALERO ENERGY CORP;15247;85269;91913Y10;VLO;2018;4;3;3;0,75;0,75;10;8;0,8;0,85;0,12;0,12;0,14;0,55;1,27;50155;2284;4429;5829;6772;3122;111407
VULCAN MATERIALS CO;11228;15202;92916010;VMC;2018;4;4;2;1;0,5;10;10;1;0,44;0,12;0,09;0,1;0,47;0,89;9832,13;469,09;767,57;1113,82;1447,19;515,81;4382,87
VERIZON COMMUNICATIONS INC;2136;65875;92343V10;VZ;2018;6;4;5;0,666666667;0,833333333;11;9;0,8182;0,37;0,18;0,19;0,18;0,79;3,95;264829;16658;29791;47171;75658;15528;130863
WATERS CORP;61574;82651;94184810;WAT;2018;4;4;4;1;1;9;6;0,6667;0,11;0,19;0,31;0,21;0,58;1,38;3727,43;96,08;742,61;851,01;1528,06;593,79;2419,93
WHIRLPOOL CORP;11465;25419;96332010;WHR;2018;6;6;1;1;0,166666667;12;12;1;0,34;0,1;-0,06;0,15;0,83;6,61;18347;590;1324;1969;4107;-183;21037
WASTE MANAGEMENT INC;14477;11955;94106L10;WM;2018;6;6;5;1;0,833333333;8;7;0,875;0,2;0,19;0,26;0,17;0,72;2,61;22650;1694;2735;4312;5765;1925;14914
WILLIAMS COS INC;11506;38156;96945710;WMB;2018;7;6;6;0,857142857;0,857142857;12;10;0,8333;0,61;0,08;-0,01;0,06;0,65;2;45302;3256;2096;3821;4335;-155;8686
WPX ENERGY INC;187128;13141;98212B10;WPX;2018;5;5;5;1;1;11;11;1;0,94;0,17;0,06;0,08;0,48;0,91;8203;1476;558;1406;1594;151;2310
WYNN RESORTS LTD;149318;89533;98313410;WYNN;2018;7;7;4;1;0,571428571;14;14;1;0,19;0,14;0,38;0,11;0,86;5,61;13216,27;1475,97;1203,07;1753,67;2620,69;572,43;6706,96
UNITED STATES STEEL CORP;23978;76644;91290910;X;2018;6;6;3;1;0,5;12;12;1;1,32;0,15;0,3;0,16;0,62;1,61;10982;1001;1016;1537;1873;1115;14178
XCEL ENERGY INC;7977;23931;98389B10;XEL;2018;5;3;2;0,6;0,4;12;10;0,8333;0,65;0,08;0,08;0,07;0,73;2,76;45987;3957;1965;3607;3607;1261;11537
EXXON MOBIL CORP;4503;11850;30231G10;XOM;2018;3;3;3;1;1;11;8;0,7273;0,76;0,12;0,1;0,1;0,43;0,77;346196;19574;22124;40869;53815;20840;279332
XEROX HOLDINGS CORP;11636;27983;98412160;XRX;2018;7;7;6;1;0,857142857;13;13;1;1,12;0,11;0,07;0,12;0,65;1,86;14874;90;1268;1772;4537;361;9830
XYLEM INC;189491;13035;98419M10;XYL;2018;5;5;2;1;0,4;9;8;0,8889;0,26;0,14;0,19;0,15;0,61;1,6;7222;237;714;975;2292;549;5207
ZIONS BANCORPORATION NA;11687;84129;98970110;ZION;2018;4;4;4;1;1;10;8;0,8;0,92;0,02;0,13;0,1;0,89;8,07;68746;129;1300;1493;2821;884;3033
ALCOA CORP;27638;16347;01387210;AA;2019;4;4;4;1;1;12;12;1;1,09;0,11;-0,23;0,13;0,6;2,13;14631;379;894;1607;1912;-1125;10433
ABBOTT LABORATORIES;1078;20482;00282410;ABT;2019;6;3;1;0,5;0,166666667;15;10;0,6667;0,21;0,12;0,11;0,1;0,54;1,18;67887;1638;5041;8055;19955;3687;31904
ARCHER-DANIELS-MIDLAND CO;1722;10516;03948310;ADM;2019;6;4;1;0,666666667;0,166666667;13;10;0,7692;0,79;0,06;0,07;0,06;0,56;1,29;43997;828;1671;2663;5139;1379;64656
AMERICAN ELECTRIC POWER CO;1440;24109;02553710;AEP;2019;8;7;8;0,875;1;14;13;0,9286;0,59;0,07;0,07;0,05;0,74;2,84;75892,3;6143,7;2592,3;5106,8;5106,8;1921,1;15561,4
AMERICAN INTERNATIONAL GROUP;1487;66800;02687478;AIG;2019;8;8;4;1;0,5;14;14;1;1,46;0,02;0,05;0,07;0,87;6,97;525064;0;6617;11623;11623;3348;49310
ASSURANT INC;157057;90038;04621X10;AIZ;2019;6;4;4;0,666666667;0,666666667;15;10;0,6667;0,68;0,05;0,08;0,1;0,87;6,5;44291,2;110,3;906,3;2151,2;2151,2;382,6;10086,8
AKAMAI TECHNOLOGIES INC;125595;87299;00971T10;AKAM;2019;7;6;3;0,857142857;0,428571429;11;10;0,9091;0,26;0,16;0,14;0,11;0,48;0,92;7006,89;562,08;583,52;989,75;2195,06;478,04;2893,62
ALLSTATE CORP;28349;79323;02000210;ALL;2019;4;4;3;1;0,75;10;8;0,8;0,69;0,06;0,22;0,23;0,78;3,6;119950;433;6671;7129;7129;4847;44675
ALTAIR ENGINEERING INC;32530;17034;02136910;ALTR;2019;3;2;1;0,666666667;0,333333333;6;3;0,5;0,14;0,05;-0,02;0,02;0,52;1,08;743,15;9,66;10,25;31,77;337,51;-7,54;463,03
AMERIPRISE FINANCIAL INC;164708;90880;03076C10;AMP;2019;4;4;3;1;0,75;9;7;0,7778;0,28;0,02;0,33;0,21;0,96;25,5;151828;143;2243;2427;5700;1893;12886
AMAZON.COM INC;64768;84788;02313510;AMZN;2019;4;4;4;1;1;10;10;1;0,07;0,15;0,22;0,12;0,72;2,63;225248;16861;14177;29892;130136;11588;280522
AUTONATION INC;9063;76282;05329W10;AN;2019;6;5;5;0,833333333;0,833333333;10;8;0,8;0,76;0,09;0,15;0,09;0,7;2,33;10543,3;269,3;798,5;979;3523;450;21335,7
APA CORP;1678;39490;03741110;APA;2019;5;4;5;0,8;1;9;8;0,8889;0,37;0,05;-0,64;-0,19;0,72;4,02;18107;2961;-2627;928;1520;-3553;6280
AMPHENOL CORP;14282;84769;03209510;APH;2019;6;5;4;0,833333333;0,666666667;9;8;0,8889;0,15;0,19;0,25;0,2;0,58;1,37;10815,5;295;1628,9;1936,2;2907,6;1155;8225,4
ATI INC -NEW;10405;43123;01741R10;ATI;2019;6;5;2;0,833333333;0,333333333;13;10;0,7692;0,81;0,1;0,13;0,11;0,61;1,65;5634,6;168,2;370,6;531,2;798,4;257,6;4122,5
BANK OF AMERICA CORP;7647;59408;06050510;BAC;2019;8;8;8;1;1;15;14;0,9333;0,78;0,02;0,11;0,07;0,89;8,19;2434079;0;47360;49089;87654;27430;113589
BAXTER INTERNATIONAL INC;2086;27887;07181310;BAX;2019;6;5;4;0,833333333;0,666666667;13;10;0,7692;0,19;0,16;0,12;0,15;0,57;1,3;18193;696;1937;2726;5705;1001;11362
BIOGEN INC;24468;76841;09062X10;BIIB;2019;6;4;5;0,666666667;0,833333333;12;10;0,8333;0,31;0,3;0,38;0,39;0,51;1,04;27234,3;514,5;7503,4;7968;12613,1;5888,5;14377,9
BANK OF NEW YORK MELLON CORP;2019;49656;06405810;BK;2019;6;6;3;1;0,5;12;10;0,8333;0,89;0,02;0,11;0,09;0,89;8,19;381508;1210;7730;9045;15672;4441;20007
BLACKROCK INC;124434;87267;09247X10;BLK;2019;7;5;6;0,714285714;0,857142857;17;11;0,6471;0,48;0,04;0,12;0,15;0,79;3,99;168622;254;5604;5883;5883;4476;14539
BRISTOL-MYERS SQUIBB CO;2403;19393;11012210;BMY;2019;6;6;6;1;1;11;10;0,9091;0,4;0,1;0,1;0,11;0,6;1,52;129944;836;6738;8547;19475;3439;26145
BOSTON SCIENTIFIC CORP;25279;77605;10113710;BSX;2019;5;5;5;1;1;9;8;0,8889;0,23;0,12;0,4;0,1;0,55;1,2;30565;461;2070;3080;8016;4700;10735
PEABODY ENERGY CORP;142460;16689;70455110;BTU;2019;4;4;3;1;0,75;10;10;1;2,99;0,1;-0,07;0;0,59;1,48;6542,8;287,8;21,2;680,6;825,6;-211,3;4623,4
BORGWARNER INC;28742;79545;09972410;BWA;2019;5;3;3;0,6;0,6;11;8;0,7273;0,54;0,17;0,16;0,19;0,5;1,03;9702;481;1228;1667;2540;746;10168
CITIGROUP INC;3243;70519;17296742;C;2019;10;10;8;1;0,8;19;18;0,9474;1,04;0,02;0,11;0,06;0,9;9,09;1951158;5336;40431;44336;44336;19401;103449
CATERPILLAR INC;2817;18542;14912310;CAT;2019;4;3;4;0,75;1;11;8;0,7273;0,18;0,16;0,41;0,19;0,81;4,38;78453;2669;9624;12201;19056;6093;53800
CERNER CORP;12850;10909;15678210;CERN;2019;5;3;1;0,6;0,2;10;7;0,7;0,21;0,23;0,11;0,16;0,37;0,6;6894,62;471,52;858,02;1546,43;4994,74;529,45;5692,6
CF INDUSTRIES HOLDINGS INC;163946;90829;12526910;CF;2019;5;2;5;0,4;1;11;8;0,7273;0,4;0,14;0,12;0,13;0,54;2,26;12172;404;926;1789;2037;493;4590
C H ROBINSON WORLDWIDE INC;65609;85459;12541W20;CHRW;2019;5;4;5;0,8;1;8;7;0,875;0,16;0,2;0,35;0,25;0,64;1,78;4641,06;36,29;784,18;884,63;2686,76;576,97;15309,51
CIGNA GROUP (THE);2547;64186;12552310;CI;2019;4;2;3;0,5;0,75;13;9;0,6923;0,72;0,08;0,1;0,11;0,71;2,43;155774;1050;9020;12637;25880;5104;153699
CINCINNATI FINANCIAL CORP;14824;23473;17206210;CINF;2019;11;6;5;0,545454545;0,454545455;16;7;0,4375;0,64;0,11;0,21;0,26;0,61;1,58;25408;24;2525;2550;2550;1997;7924
CLEVELAND-CLIFFS INC;3107;27422;18589910;CLF;2019;5;5;3;1;0,6;11;11;1;0,16;0,15;0,09;0,18;0,9;8,79;3503,8;639;438,5;522,6;659,8;292,8;1989,9
COMERICA INC;3231;25081;20034010;CMA;2019;6;3;3;0,5;0,5;10;6;0,6;0,72;0,03;0,16;0,13;0,9;9,02;73402;86;1937;2051;3275;1198;3817
CME GROUP INC;149070;89626;12572Q10;CME;2019;8;4;3;0,5;0,375;23;14;0,6087;0,44;0,04;0,07;0,09;0,65;1,88;75215,3;245,6;2587,8;3061,1;3061,1;2116,5;4868
CHIPOTLE MEXICAN GRILL INC;165914;91068;16965610;CMG;2019;4;2;1;0,5;0,25;8;4;0,5;0,07;0,2;0,22;;0,67;2,03;5104,6;333,91;510,38;723,07;1142,49;350,16;5586,37
CUMMINS INC;3650;41080;23102110;CMI;2019;6;4;1;0,666666667;0,166666667;11;6;0,5455;0,29;0,16;0,29;0,25;0,57;1,5;19737;700;2505;3174;6629;2260;23571
CENTERPOINT ENERGY INC;5742;21792;15189T10;CNP;2019;4;4;1;1;0,25;8;8;1;0,77;0,09;0,08;0,08;0,76;3,24;35439;2506;1477;2764;2764;791;12301
CNX RESOURCES CORPORATION;120093;86799;12653C10;CNX;2019;4;4;4;1;1;7;7;1;2,81;0,09;-0,02;0,03;0,45;0,99;9060,81;1192,6;184,87;812,77;812,77;-80,73;1924,35
CAPITAL ONE FINANCIAL CORP;30990;81055;14040H10;COF;2019;5;5;2;1;0,4;12;11;0,9167;1,13;0,03;0,11;0,08;0,85;5,72;390365;887;9116;9969;9969;5546;33907
CSX CORP;2574;62148;12640810;CSX;2019;6;4;2;0,666666667;0,333333333;13;10;0,7692;0,34;0,17;0,18;0,17;0,69;2,23;38257;1657;4874;6223;6223;3331;11937
COGNIZANT TECH SOLUTIONS;111864;86158;19244610;CTSH;2019;8;7;3;0,875;0,375;11;6;0,5455;0,33;0,21;0,16;0,23;0,32;0,47;16204;392;2812;3319;6174;1842;16783
CVS HEALTH CORP;7241;17005;12665010;CVS;2019;6;3;5;0,5;0,833333333;15;9;0,6;0,74;0,08;0,1;0,09;0,71;2,48;222449;2457;12672;17043;47463;6634;256776
CHEVRON CORP;2991;14541;16676410;CVX;2019;4;4;4;1;1;10;10;1;0,7;0,12;0,02;0;0,39;0,64;237428;14116;100;29318;34231;2924;139865
DOMINION ENERGY INC;4029;64936;25746U10;D;2019;6;6;6;1;1;13;12;0,9231;0,52;0,09;0,04;0,09;0,67;2,18;103823;4980;5593;8248;8248;1358;16572
DUPONT DE NEMOURS INC;4060;16851;26614N10;DD;2019;11;11;7;1;0,636363636;26;26;1;0,94;0,04;-0,01;0,03;0,4;0,68;69396;2472;2788;4854;8472;498;21512
DISCOVER FINANCIAL SVCS;177376;92121;25470910;DFS;2019;4;4;4;1;1;11;8;0,7273;0,43;0,04;0,27;0,13;0,9;8,61;113996;284;4778;4942;4942;2957;13989
DANAHER CORP;3735;49680;23585110;DHR;2019;4;1;3;0,25;0,75;13;9;0,6923;0,27;0,08;0,09;0,08;0,51;1,05;62081,6;635,5;3362,4;4551,9;11173,2;3008,2;17911,1
DOVER CORP;4058;25953;26000310;DOV;2019;4;4;4;1;1;10;8;0,8;0,2;0,16;0,21;0,17;0,65;1,86;8669,48;186,8;1048,66;1320,95;2902,14;677,92;7136,4
DOW INC;34443;18428;26055710;DOW;2019;5;5;5;1;1;10;10;1;0,34;0,09;-0,09;0,09;0,77;3,43;60524;1970;3556;6229;8584;-1359;42951
DTE ENERGY CO;3897;11674;23333110;DTE;2019;4;3;2;0,75;0,5;10;6;0,6;0,57;0,08;0,09;0,06;0,72;2,57;41882;2997;1725;2988;2988;1169;12669
DUKE ENERGY CORP;4093;27959;26441C20;DUK;2019;7;5;7;0,714285714;1;16;11;0,6875;0,81;0,07;0,07;0,05;0,7;2,37;158838;11122;5745;10293;10293;3748;25079
DAVITA INC;61483;82307;23918K10;DVA;2019;3;3;2;1;0,666666667;9;6;0,6667;0,29;0,13;0,2;0,13;0,8;6,47;17311,39;766,55;1755,53;2370,68;3473,99;810,98;11388,48
DEVON ENERGY CORP;14934;87137;25179M10;DVN;2019;5;2;1;0,4;0,2;9;6;0,6667;0,62;0,1;-0,01;0,01;0,57;1,34;13717;1941;160;1696;2211;-355;6220
EBAY INC;114524;86356;27864210;EBAY;2019;3;2;1;0,666666667;0,333333333;11;3;0,2727;0,19;0,15;0,24;0,18;0,84;5,33;18174;554;2398;3081;8927;1786;10800
ECOLAB INC;4213;70578;27886510;ECL;2019;6;6;4;1;0,666666667;14;13;0,9286;0,17;0,16;0,17;0,15;0,58;1,4;20869,1;800,6;2263,9;3237,2;7194,7;1558,9;14906,3
CONSOLIDATED EDISON INC;3413;11404;20911510;ED;2019;5;4;4;0,8;0,8;10;8;0,8;0,8;0,08;0,06;0,07;0,69;2,21;58079;3238;2676;4360;4360;1343;12574
EQUIFAX INC;4423;52476;29442910;EFX;2019;4;4;4;1;1;9;8;0,8889;0,17;0,11;-0,13;0,09;0,67;2,05;7909;399,6;503,3;834,4;2005,9;-398,8;3527,6
EDISON INTERNATIONAL;9846;15720;28102010;EIX;2019;5;5;4;1;0,8;12;12;1;0,67;0,06;0,08;0,07;0,76;3,15;64382;4877;2145;3875;3875;1405;12347
EASTMAN CHEMICAL CO;29392;80080;27743210;EMN;2019;5;3;3;0,6;0,6;11;5;0,4545;0,64;0,12;0,11;0,11;0,62;1,67;16008;425;1309;1919;2844;759;9273
EOG RESOURCES INC;16478;75825;26875P10;EOG;2019;8;4;3;0,5;0,375;8;4;0,5;0,55;0,21;0,11;0,13;0,42;0,72;37124,61;6422,53;3532,04;7501,64;13510,44;2734,91;17122
EQT CORP;4430;24328;26884L10;EQT;2019;7;7;4;1;0,571428571;19;18;0,9474;4,06;0,09;-0,1;0,01;0,48;0,92;18809,23;1602,45;201,03;1775,69;1775,69;-1221,7;4416,48
E TRADE FINANCIAL CORP;63501;83862;26924640;ETFC;2019;6;5;2;0,833333333;0,333333333;11;10;0,9091;0,61;0,03;0,16;0,2;0,89;8,37;61416;149;1453;1602;1602;955;3139
ENTERGY CORP;7366;24010;29364G10;ETR;2019;5;5;2;1;0,4;10;10;1;0,62;0,07;0,09;0,06;0,8;3,94;51723,91;4486,64;1680,52;3561,34;3561,34;1258,24;10878,67
EDWARDS LIFESCIENCES CORP;133366;87657;28176E10;EW;2019;3;2;3;0,666666667;1;7;6;0,8571;0,09;0,23;0,29;0,3;0,36;0,56;6488,1;254,4;1280,4;1369,7;3396;1046,9;4348
EXELON CORP;8539;21776;30161N10;EXC;2019;5;4;5;0,8;1;15;13;0,8667;1,01;0,07;0,07;0,07;0,72;2,81;124977;7248;4690;8942;8942;2936;34438
EXPEDITORS INTL WASH INC;4494;87717;30213010;EXPD;2019;5;5;2;1;0,4;8;8;1;0,17;0,23;0,28;0,34;0,4;0,68;3691,88;47,02;766,69;817,64;1047,97;590,4;8175,43
EXPEDIA GROUP INC;126296;90808;30212P30;EXPE;2019;3;2;2;0,666666667;0,666666667;11;9;0,8182;0,26;0,09;0,14;0,11;0,74;4;21416;1160;961;1871;9990;565;12067
FORD MOTOR CO;4839;25785;34537086;F;2019;5;3;2;0,6;0,4;14;9;0,6429;0,91;0,06;0;0,03;0,87;6,79;258537;7632;5767;15456;28034;47;155900
FASTENAL CO;14225;11618;31190010;FAST;2019;6;5;3;0,833333333;0,5;7;6;0,8571;0,13;0,34;0,31;0,35;0,3;0,43;3799,9;246,4;1056;1204,7;2664,1;790,9;5333,7
FREEPORT-MCMORAN INC;14590;81774;35671D85;FCX;2019;5;5;2;1;0,4;6;6;1;0,71;0,06;-0,02;0,04;0,57;2,51;40809;2652;889;2522;3040;-239;14568
FIRSTENERGY CORP;8099;23026;33793210;FE;2019;6;6;5;1;0,833333333;12;12;1;0,37;0,09;0,1;0,09;0,84;5,06;42301;2665;2510;3651;3651;912;11035
FIRST HORIZON CORP;4737;36397;32051710;FHN;2019;7;6;2;0,857142857;0,285714286;14;12;0,8571;0,91;0,02;0,1;0,12;0,88;8;43310,9;49,16;972,97;1041,59;1817,21;440,91;2278,36
FIDELITY NATIONAL INFO SVCS;165993;89003;31620M10;FIS;2019;7;6;5;0,857142857;0,714285714;15;12;0,8;0,63;0,07;0,01;0,04;0,41;0,69;83806;200;1760;4021;5984;298;10333
FIFTH THIRD BANCORP;4640;34746;31677310;FITB;2019;6;3;1;0,5;0,166666667;13;9;0,6923;0,93;0,03;0,14;0,11;0,87;6,99;169369;304;3888;4197;6972;2512;8900
FLIR SYSTEMS INC;28477;79265;30244510;FLIR;2019;5;2;5;0,4;1;10;3;0,3;0,28;0,15;0,09;0,14;0,4;0,68;3137,54;44,79;340,94;442,64;1039,06;171,6;1887,03
FLUOR CORP;4818;88853;34341210;FLR;2019;7;7;3;1;0,428571429;16;15;0,9375;0,59;-0,06;-0,74;-0,14;0,8;4,29;7966,66;180,84;-586,47;-464,29;-305,2;-1522,16;14348,02
FLOWSERVE CORP;4108;30940;34354P10;FLS;2019;6;5;2;0,833333333;0,333333333;10;7;0,7;0,3;0,11;0,14;0,13;0,63;1,73;4919,64;66,17;431,53;535,92;1417;253,67;3944,85
FMC CORP;4510;19166;30249130;FMC;2019;4;2;2;0,5;0,5;11;8;0,7273;0,22;0,12;0,17;0,18;0,74;2,89;9872,7;93,9;1070,4;1202,7;2215,9;477,4;4609,8
FOSSIL GROUP INC;28118;79089;34988V10;FOSL;2019;4;4;4;1;1;10;10;1;1,27;0,05;-0,1;0,02;0,69;2,19;1604,73;20,89;17,87;72,66;1154,23;-52,37;2217,71
FIRST SOLAR INC;175404;91611;33643310;FSLR;2019;5;3;1;0,6;0,2;9;6;0,6667;0,86;0,06;-0,02;0,04;0,32;0,47;7515,69;668,72;201,22;406,52;754,51;-114,93;3063,12
GANNETT CO INC;19574;14490;36472T10;GCI;2019;5;5;1;1;0,2;8;8;1;1,2;0,07;-0,14;0,04;0,76;3,09;4020,1;13,98;77,42;181,4;788,32;-119,84;1867,91
GENERAL DYNAMICS CORP;5046;12052;36955010;GD;2019;7;4;4;0,571428571;0,571428571;11;8;0,7273;0,28;0,11;0,26;0,18;0,72;2,6;48841;987;4648;5391;7802;3484;39350
GILEAD SCIENCES INC;24856;77274;37555810;GILD;2019;3;2;2;0,666666667;0,666666667;8;5;0,625;0,27;0,1;0,25;0,11;0,63;1,73;61627;825;5087;6491;19178;5386;22449
CORNING INC;3532;22293;21935010;GLW;2019;8;7;5;0,875;0,625;14;12;0,8571;0,49;0,12;0,08;0,1;0,55;1,23;28898;1987;1752;3255;5813;960;11503
GENWORTH FINANCIAL INC;158354;90162;37247D10;GNW;2019;4;2;4;0,5;1;8;6;0,75;6,4;0,01;0,03;0,05;0,86;6,11;101342;0;881;945;945;343;8020
GENUINE PARTS CO;5125;46674;37246010;GPC;2019;6;4;5;0,666666667;0,833333333;11;9;0,8182;0,25;0,1;0,16;0,15;0,75;2,98;14645,63;297,87;1132,6;1402,89;6325,88;621,09;19392,31
GOLDMAN SACHS GROUP INC;114628;86868;38141G10;GS;2019;4;4;1;1;0,25;12;10;0,8333;0,95;0,03;0,11;0,04;0,91;9,98;992968;8443;24391;26095;26095;8466;53922
GOODYEAR TIRE & RUBBER CO;5234;16432;38255010;GT;2019;6;5;2;0,833333333;0,333333333;13;7;0,5385;1,23;0,09;-0,07;0,08;0,74;2,91;17185;770;824;1604;3927;-311;14745
GRAINGER (W W) INC;5256;52695;38480210;GWW;2019;5;5;4;1;0,8;10;9;0,9;0,11;0,27;0,43;0,33;0,66;2,13;6005;221;1388;1616;4547;849;11486
HALLIBURTON CO;5439;23819;40621610;HAL;2019;6;3;5;0,5;0,833333333;11;5;0,4545;0,37;0,14;-0,13;0,1;0,68;2,17;25377;1530;2058;3683;3910;-1131;22408
HASBRO INC;5518;52978;41805610;HAS;2019;6;6;5;1;0,833333333;12;11;0,9167;0,21;0,12;0,22;0,13;0,66;1,96;8855,63;133,64;669,83;850,62;2545,77;520,45;4720,23
HUNTINGTON BANCSHARES;5786;42906;44615010;HBAN;2019;3;2;3;0,666666667;1;15;12;0,8;0,7;0,02;0,14;0,09;0,89;8,24;109002;107;2003;2389;4365;1411;5640
HESS CORP;1380;28484;42809H10;HES;2019;5;5;2;1;0,4;12;11;0,9167;0,45;0,13;-0,04;0,04;0,55;1,38;21782;2829;637;2776;3389;-408;6495
HARTFORD FINANCIAL SERVICES;61739;82775;41651510;HIG;2019;5;4;5;0,8;1;12;11;0,9167;0,73;0,05;0,15;0,14;0,77;3,35;70817;105;2740;3191;3191;2085;20480
HONEYWELL INTERNATIONAL INC;1300;10145;43851610;HON;2019;6;5;3;0,833333333;0,5;11;9;0,8182;0,16;0,15;0,31;0,21;0,68;2,16;58679;839;7397;8485;13734;6143;36709
HERSHEY CO;5597;16600;42786610;HSY;2019;6;6;2;1;0,333333333;11;11;1;0,06;0,25;0,65;0,28;0,79;3,68;8140,4;318,19;1716,58;1981,37;3889,24;1149,69;7986,25
HUMANA INC;27914;48653;44485910;HUM;2019;3;1;2;0,333333333;0,666666667;12;6;0,5;0,26;0,14;0,24;0,19;0,59;1,42;29074;736;3239;3814;11148;2707;64888
INTL BUSINESS MACHINES CORP;6066;12490;45920010;IBM;2019;5;4;5;0,8;1;13;10;0,7692;0,22;0,12;0,41;0,14;0,86;6,3;152186;2286;10849;16908;42404;9431;77147
INTERCONTINENTAL EXCHANGE;163610;90993;45866F10;ICE;2019;4;3;2;0,75;0,5;11;9;0,8182;0,38;0,04;0,1;0,11;0,82;4,47;94493;305;2727;3358;4092;1933;6547
INTL FLAVORS & FRAGRANCES;6078;40272;45950610;IFF;2019;4;4;4;1;1;11;10;0,9091;0,5;0,08;0,07;0,07;0,52;1,12;13287,41;235,98;784,13;1105,19;2248,21;455,87;5140,08
INTEL CORP;6008;59328;45814010;INTC;2019;4;3;2;0,75;0,5;10;9;0,9;0,31;0,25;0,27;0,22;0,43;0,76;136524;16213;22428;33254;52766;21048;71965
INTERPUBLIC GROUP OF COS;6136;53065;46069010;IPG;2019;8;6;8;0,75;1;12;9;0,75;0,34;0,08;0,23;0,16;0,83;5,32;17751,9;198,5;1119,9;1398,4;1492,2;656;10221,3
INTUITIVE SURGICAL INC;136725;88352;46120E60;ISRG;2019;4;2;1;0,5;0,25;9;6;0,6667;0,12;0,18;0,18;0,18;0,15;0,18;9733,2;425,6;1382,2;1581,9;3309,9;1379,3;4478,5
ILLINOIS TOOL WORKS;5878;56573;45230810;ITW;2019;5;5;2;1;0,4;11;8;0,7273;0,06;0,26;0,66;0,32;0,8;3,98;15068;326;3402;3828;6189;2521;14109
JOHNSON & JOHNSON;6266;22111;47816010;JNJ;2019;4;3;1;0,75;0,25;12;10;0,8333;0,17;0,18;0,23;0,24;0,62;1,65;157728;3498;21121;28130;61663;15119;82059
JUNIPER NETWORKS INC;121718;86979;48203R10;JNPR;2019;5;5;4;1;0,8;10;10;1;0,56;0,08;0,07;0,07;0,48;0,92;8837,7;109,6;496;714,7;2831,6;345;4445,4
JPMORGAN CHASE & CO;2968;47896;46625H10;JPM;2019;4;4;4;1;1;11;6;0,5455;0,56;0,03;0,15;0,08;0,9;9,28;2687379;0;63197;71565;110042;36431;142422
KELLANOVA;6375;26825;48783610;K;2019;5;5;2;1;0,4;13;13;1;0,14;0,13;0,29;0,15;0,81;5,19;17564;586;1757;2241;5058;960;13578
KEYCORP;9783;64995;49326710;KEY;2019;4;3;2;0,75;0,5;13;11;0,8462;0,77;0,02;0,12;0,11;0,88;7,51;144988;85;3157;3157;5923;1717;7694
KINDER MORGAN INC;6310;12558;49456B10;KMI;2019;5;5;4;1;0,8;11;5;0,4545;0,7;0,08;0,06;0,06;0,53;1,16;74157;2270;3928;6339;6339;2190;13209
COCA-COLA CO;3144;11308;19121610;KO;2019;4;4;2;1;0,5;16;15;0,9375;0,09;0,14;0,44;0,17;0,76;3,44;86381;2054;10541;11887;23993;8920;37266
LOEWS CORP;6781;26710;54042410;L;2019;6;0;2;0;0,333333333;13;4;0,3077;1,33;0,03;0,05;0,05;0,73;3,15;82243;1041;1510;2453;2453;932;14701
LEGGETT & PLATT INC;6649;60943;52466010;LEG;2019;8;6;6;0,75;0,75;10;8;0,8;0,23;0,17;0,24;0,18;0,73;2,67;4816,4;143,1;523;703,8;1172,6;333,8;4752,5
LILLY (ELI) & CO;6730;50876;53245710;LLY;2019;6;5;3;0,833333333;0,5;13;12;0,9231;0,04;0,17;0,63;0,29;0,93;14,03;39286,1;1033,9;5874,1;6914,6;18723,4;8318,4;22319,5
LOCKHEED MARTIN CORP;6774;21178;53983010;LMT;2019;6;6;5;1;0,833333333;13;13;1;0,03;0,21;2,66;0,52;0,93;14,19;47528;1484;8427;9616;9616;6230;59812
LINCOLN NATIONAL CORP;6742;49015;53418710;LNC;2019;5;3;1;0,6;0,2;11;4;0,3636;1,91;0;0,05;0,06;0,94;16;334761;0;1419;1486;1486;886;17236
SOUTHWEST AIRLINES;9882;58683;84474110;LUV;2019;5;3;5;0,6;1;11;7;0,6364;0,44;0,16;0,19;0,23;0,62;1,63;25895;1027;3081;4300;7326;2300;22428
MASTERCARD INC;160225;91233;57636Q10;MA;2019;6;6;2;1;0,333333333;14;14;1;0,02;0,38;1,42;0,72;0,8;3,94;29236;422;9664;10186;10186;8118;16883
MARRIOTT INTL INC;28930;85913;57190320;MAR;2019;6;5;5;0,833333333;0,833333333;14;9;0,6429;0,02;0,1;0,69;0,17;0,97;34,63;25051;653;2052;2400;2400;1273;20972
MATTEL INC;7116;39538;57708110;MAT;2019;4;3;4;0,75;1;9;8;0,8889;0,12;0,07;-0,34;0,04;0,91;9,83;5325,23;116,35;136,13;380,65;2231,26;-213,51;4510,37
MOODY'S CORP;139665;48506;61536910;MCO;2019;9;8;8;0,888888889;0,888888889;10;8;0,8;0,02;0,23;2,08;0,32;0,92;15,41;10265;69;2091;2291;3442;1422;4829
METLIFE INC;133768;87842;59156R10;MET;2019;7;6;4;0,857142857;0,571428571;14;11;0,7857;1,54;0,01;0,09;0,1;0,91;9,69;740463;0;8144;8900;13891;5899;69744
MARSH & MCLENNAN COS;7065;45751;57174810;MMC;2019;6;6;4;1;0,666666667;13;12;0,9231;0,15;0,15;0,21;0,19;0,75;3;31357;421;3342;3989;3989;1742;16652
3M CO;7435;22592;88579Y10;MMM;2019;6;6;5;1;0,833333333;12;11;0,9167;0,1;0,21;0,45;0,25;0,77;3,43;44659;1699;7068;8661;16993;4570;32136
MONSTER BEVERAGE CORP;24316;88031;61174X10;MNST;2019;5;2;2;0,4;0,4;9;4;0,4444;0,12;0,31;0,28;0,36;0,19;0,23;5150,35;101,66;1418,44;1479,17;2579,31;1107,84;4200,82
ALTRIA GROUP INC;8543;13901;02209S10;MO;2019;5;3;2;0,6;0,4;10;6;0,6;0,12;0,21;-0,08;0,28;0,87;6,9;49271;246;10533;10759;12895;-1293;19796
MOSAIC CO;162129;90386;61945C10;MOS;2019;8;7;3;0,875;0,375;13;11;0,8462;1,25;0,07;-0,1;0,03;0,51;1,08;19298,5;1272,2;452,2;1358,2;1860,3;-1067,4;8906,3
MARATHON PETROLEUM CORP;186989;12872;56585A10;MPC;2019;6;6;2;1;0,333333333;12;12;1;1,03;0,1;0,07;0,1;0,56;1,65;98556;5374;6091;9729;12955;2637;123949
MERCK & CO;7257;22752;58933Y10;MRK;2019;5;4;2;0,8;0,4;11;8;0,7273;0,12;0,22;0,35;0,28;0,69;2,25;84397;3473;14526;17972;37165;9843;46840
MORGAN STANLEY;12124;69032;61744644;MS;2019;4;4;3;1;0,75;14;13;0,9286;0,9;0,03;0,13;0,05;0,91;9,97;895429;1826;21820;24463;24463;9042;53823
M & T BANK CORP;4699;35554;55261F10;MTB;2019;5;5;3;1;0,6;14;12;0,8571;0,65;0,03;0,13;0,14;0,87;6,63;119872,76;178,05;3489,75;3791,07;6015,94;1929,15;6941,27
MURPHY OIL CORP;7620;28345;62671710;MUR;2019;4;2;1;0,5;0,25;12;9;0,75;1,38;0,15;0,02;0,06;0,5;1,08;11718,5;2556,59;470,61;1686,93;1986,8;1149,73;2816,26
NOBLE ENERGY INC;7912;61815;65504410;NBL;2019;5;3;1;0,6;0,2;11;5;0,4545;0,75;0,02;-0,15;-0,11;0,56;1,37;20647;2524;-1756;441;1059;-1512;3904
NASDAQ INC;149337;90601;63110310;NDAQ;2019;6;4;4;0,666666667;0,666666667;11;8;0,7273;0,35;0,09;0,13;0,12;0,6;1,47;13924;127;1117;1307;1307;774;4262
NEXTERA ENERGY INC;4517;24205;65339F10;NEE;2019;6;6;2;1;0,333333333;13;13;1;0,38;0,09;0,09;0,07;0,64;2,05;117691;5875;5622;9838;9838;3769;19204
NEWMONT CORP;7881;21207;65163910;NEM;2019;5;5;4;1;0,8;18;18;1;0,68;0,12;0,16;0,07;0,44;0,82;39974;1463;1541;3781;4509;2805;9740
NETFLIX INC;147579;89393;64110L10;NFLX;2019;3;0;1;0;0,333333333;9;0;0;0,05;0,09;0,29;0,13;0,78;3,48;33975,71;253,04;2604,25;2707,83;7819,81;1866,92;20156,45
NISOURCE INC;7974;38762;65473P10;NI;2019;6;6;4;1;0,666666667;11;11;1;0,62;0,08;0,06;0,07;0,74;2,79;22659,8;1802,4;1071,6;1789;1789;383,1;5208,9
NORTHROP GRUMMAN CORP;7985;24766;66680710;NOC;2019;5;5;3;1;0,6;11;9;0,8182;0,15;0,13;0,26;0,17;0,79;3,66;41089;1264;3969;4987;8277;2248;33841
NOV INC;63892;84032;63707110;NOV;2019;4;3;4;0,75;1;7;5;0,7143;0,82;0;-0,55;-0,03;0,4;0,68;13149;233;-458;75;1378;-6095;8479
NORFOLK SOUTHERN CORP;7923;64311;65584410;NSC;2019;6;5;6;0,833333333;1;14;13;0,9286;0,44;0,14;0,12;0,14;0,6;1,5;37923;2019;3957;5095;5095;2722;11296
NORTHERN TRUST CORP;7982;58246;66585910;NTRS;2019;6;5;5;0,833333333;0,833333333;14;11;0,7857;0,46;0,03;0,15;0,14;0,92;11,34;136828,4;158;3201,6;3660,5;6087,6;1492,2;6895,1
NUCOR CORP;8030;34817;67034610;NUE;2019;7;5;1;0,714285714;0,142857143;7;5;0,7143;0,64;0,15;0,12;0,13;0,41;0,73;18344,67;1477,29;1934,14;2668,79;3413,74;1271,14;22588,86
NEWELL BRANDS INC;7875;60986;65122910;NWL;2019;5;4;3;0,8;0,6;10;9;0,9;0,69;0,08;0,03;0,07;0,68;2,14;15642;264,9;844,4;1290,4;3701,1;106,6;9714,9
O-I GLASS INC;8215;77157;67098H10;OI;2019;5;5;3;1;0,6;13;13;1;0,31;0,12;-0,54;0,11;0,94;19,37;9610;426;675;1119;1624;-400;6703
ONEOK INC;8151;25232;68268010;OKE;2019;4;3;4;0,75;1;9;8;0,8889;0,22;0,12;0,19;0,11;0,71;2,5;21812,12;3848,35;1916,93;2393,46;2393,46;1278,58;10164,37
OMNICOM GROUP INC;4066;30681;68191910;OMC;2019;5;4;5;0,8;1;10;6;0,6;0,19;0,09;0,43;0,25;0,87;8,13;26783,4;102,2;2122,3;2353,8;2759,7;1339,1;14953,7
O'REILLY AUTOMOTIVE INC;28180;79103;67103H10;ORLY;2019;6;3;1;0,5;0,166666667;6;3;0,5;0,02;0,23;2,81;0,38;0,96;25,97;10717,16;628,06;1920,73;2191,6;5665,57;1391,04;10149,99
OCCIDENTAL PETROLEUM CORP;8068;34833;67459910;OXY;2019;6;5;5;0,833333333;0,833333333;11;7;0,6364;0,93;0,13;-0,02;0,08;0,69;2,19;109330;6355;3913;9894;11022;-667;20393
PITNEY BOWES INC;8606;24459;72447910;PBI;2019;6;4;4;0,666666667;0,666666667;13;10;0,7692;0,82;0,07;0,07;0,07;0,95;18,11;5466,9;137,25;227,74;386,88;1442,13;194,61;3205,13
PACCAR INC;8253;60506;69371810;PCAR;2019;4;4;4;1;1;10;8;0,8;0,38;0,16;0,24;0,16;0,66;1,92;28361,1;1970,8;3205,4;4282,7;5323,2;2387,9;25599,7
PG&E CORP;8264;13688;69331C10;PCG;2019;7;7;4;1;0,571428571;26;26;1;0,95;0,08;-0,71;0,14;0,94;14,81;85196;6313;2879;6113;6113;-7642;17129
PUBLIC SERVICE ENTRP GRP INC;8810;23712;74457310;PEG;2019;7;7;5;1;0,714285714;12;9;0,75;0,72;0,07;0,08;0,06;0,68;2,16;47730;3166;1959;3207;3207;1693;10076
PEPSICO INC;8479;13856;71344810;PEP;2019;5;5;4;1;0,8;12;11;0,9167;0,1;0,17;0,4;0,22;0,81;4,31;78547;4232;10714;13146;39610;7314;67161
PFIZER INC;8530;21936;71708110;PFE;2019;5;5;4;1;0,8;13;11;0,8462;0,32;0,12;0,24;0,13;0,62;1,65;167489;2176;14247;20257;43021;16273;51750
PRINCIPAL FINANCIAL GRP INC;145701;89195;74251V10;PFG;2019;6;5;1;0,833333333;0,166666667;12;9;0,75;1,08;0,01;0,1;0,1;0,95;17,86;276087,8;132,4;1646,8;1873,6;1873,6;1394,2;15999,6
PROGRESSIVE CORP-OHIO;13341;64390;74331510;PGR;2019;3;1;3;0,333333333;1;11;9;0,8182;0,31;0,11;0,34;0,33;0,75;3;54895,3;363,5;5350;5656,1;5656,1;3970,3;38997,7
PULTEGROUP INC;8823;54148;74586710;PHM;2019;5;5;4;1;0,8;10;9;0,9;0,52;0,13;0,2;0,16;0,49;0,96;10715,6;58,12;1348,35;1402,35;2424,07;1016,7;10212,96
PNC FINANCIAL SVCS GROUP INC;8245;60442;69347510;PNC;2019;6;5;5;0,833333333;0,833333333;13;12;0,9231;0,69;0,02;0,11;0,08;0,88;7,32;410295;0;8048;9363;17054;5369;21624
PINNACLE WEST CAPITAL CORP;1075;27991;72348410;PNW;2019;6;2;2;0,333333333;0,333333333;10;4;0,4;0,75;0,07;0,07;0,06;0,7;2,38;18479,25;1209,98;671,96;1262,89;1262,89;538,32;3471,21
PPG INDUSTRIES INC;8247;22509;69350610;PPG;2019;6;5;6;0,833333333;1;12;10;0,8333;0,18;0,15;0,23;0,19;0,69;2,33;17708;413;1954;2465;6501;1243;15154
PPL CORP;8455;22517;69351T10;PPL;2019;7;7;6;1;0,857142857;10;9;0,9;0,59;0,09;0,11;0,08;0,72;2,52;45680;3083;2845;4044;4044;1746;7769
PRUDENTIAL FINANCIAL INC;143356;89258;74432010;PRU;2019;3;2;3;0,666666667;1;13;12;0,9231;1,69;0,01;0,07;0,08;0,93;13,2;896552;0;6709;7169;18539;4186;64845
QUANTA SERVICES INC;66446;85792;74762E10;PWR;2019;3;3;3;1;1;8;6;0,75;0,74;0,13;0,1;0,13;0,51;1,06;8331,68;261,76;686,14;966,34;1897,56;402,04;12160,95
PIONEER NATURAL RESOURCES CO;14359;75241;72378710;PXD;2019;6;6;3;1;0,5;11;10;0,9091;0,54;0,19;0,06;0,12;0,36;0,57;19067;3220;1738;3487;3889;756;9671
QEP RESOURCES INC;154357;93422;74733V10;QEP;2019;6;6;6;1;1;10;9;0,9;2,74;0,13;-0,03;0,04;0,51;1,06;5477,8;566,2;202;742;854,5;-97,3;1206,2
RYDER SYSTEM INC;9299;27633;78354910;R;2019;6;4;6;0,666666667;1;11;8;0,7273;1,26;0,16;-0,01;0,03;0,83;4,85;14475,33;3735,17;341,15;2228,08;3135,53;-24,41;8925,8
REGIONS FINANCIAL CORP;4674;35044;7591EP10;RF;2019;7;7;6;1;0,857142857;13;11;0,8462;0,93;0,02;0,11;0,11;0,87;6,75;126240;178;2912;2912;5474;1582;6755
ROBERT HALF INC;2312;52230;77032310;RHI;2019;3;3;2;1;0,666666667;8;6;0,75;0,16;0,33;0,41;0,5;0,51;1,02;2311,41;59,46;620,39;686,02;2594,78;454,43;6074,43
ROPER TECHNOLOGIES INC;24925;77338;77669610;ROP;2019;5;5;3;1;0,6;9;8;0,8889;0,29;0,12;0,18;0,11;0,48;0,91;18108,9;52,7;1504,4;1918,3;3841;1767,9;5366,8
RANGE RESOURCES CORP;6788;50017;75281A10;RRC;2019;4;4;4;1;1;9;9;1;2,07;-0,02;-0,47;-0,29;0,64;1,82;6612,4;748,43;-1985,08;-200,9;-2,59;-1716,3;2826,48
REPUBLIC SERVICES INC;112168;86228;76075910;RSG;2019;5;4;3;0,8;0,6;10;8;0,8;0,28;0,13;0,13;0,11;0,64;1,79;22683,8;1207,1;1767,6;2874,9;3950,8;1073,3;10299,4
SCHWAB (CHARLES) CORP;13988;75186;80851310;SCHW;2019;5;4;5;0,8;1;13;7;0,5385;0,31;0,02;0,2;0,2;0,93;12,49;294005;708;5158;5507;5507;3704;11785
SHERWIN-WILLIAMS CO;9667;36468;82434810;SHW;2019;5;5;4;1;0,8;11;11;1;0,09;0,15;0,31;0,18;0,8;3,97;20496,2;328,9;2448,4;3023,3;8298,2;1541,3;17900,8
SLM CORP;20430;66325;78442P10;SLM;2019;8;8;4;1;0,5;13;12;0,9231;0,78;0,03;0,21;0,12;0,9;8,87;32686,48;0;885,89;900,56;900,56;578,28;2362,13
SNAP-ON INC;9778;60206;83303410;SNA;2019;4;4;4;1;1;9;9;1;0,38;0,19;0,21;0,21;0,4;0,66;5693,5;99,4;950,7;1043,1;2182,3;693,5;4067,7
SOUTHERN CO;9850;18411;84258710;SO;2019;4;4;1;1;0,25;15;14;0,9333;0,56;0,07;0,13;0,07;0,73;3,12;118700;7555;5359;8397;8397;4754;21419
STERICYCLE INC;63527;83906;85891210;SRCL;2019;4;4;2;1;0,5;10;10;1;0,45;0,07;-0,13;0,04;0,64;1,76;6437;194,2;199,4;472,2;1277,3;-346,8;3308,9
SEMPRA ENERGY;8272;86136;81685110;SRE;2019;7;7;2;1;0,285714286;16;15;0,9375;0,46;0,07;0,1;0,06;0,67;2,2;65665;3708;2627;4196;4196;2198;10829
STANLEY BLACK & DECKER INC;10016;43350;85450210;SWK;2019;5;4;3;0,8;0,6;10;9;0,9;0,33;0,12;0,12;0,15;0,56;1,25;20596,6;424,7;1756,3;2316,5;5218;955,8;14442,2
SOUTHWESTERN ENERGY CO;9904;63765;84546710;SWN;2019;6;3;5;0,5;0,833333333;9;5;0,5556;2,48;0,12;0,32;0,06;0,52;1,07;6717;1099;303;774;774;891;3038
STRYKER CORP;10115;73139;86366710;SYK;2019;4;4;3;1;0,75;9;8;0,8889;0,16;0,15;0,17;0,15;0,58;1,36;30167;649;3444;4222;10121;2083;14884
AT&T INC;9899;66093;00206R10;T;2019;4;3;2;0,75;0,5;15;13;0,8667;0,86;0,11;0,06;0,08;0,63;1,9;551669;19635;31069;59286;97124;13903;181265
TERADATA CORP;178310;92293;88076W10;TDC;2019;5;4;2;0,8;0,4;13;12;0,9231;0,09;0,1;-0,05;0,06;0,87;6,85;2057;54;61;211;1096;-20;1899
TERADYNE INC;10453;51369;88077010;TER;2019;3;1;3;0,333333333;1;6;4;0,6667;0,13;0,24;0,31;0,28;0,47;0,88;2787,01;134,64;540,22;651,2;1411,11;467,47;2294,97
THERMO FISHER SCIENTIFIC INC;10530;62092;88355610;TMO;2019;4;3;2;0,75;0,5;13;8;0,6154;0,25;0,11;0,12;0,09;0,49;0,97;58381;926;4259;6536;12411;3696;25542
TRIPADVISOR INC;199356;13168;89694520;TRIP;2019;3;3;3;1;1;8;8;1;0,28;0,15;0,09;0,14;0,41;0,71;1984;83;189;315;1466;126;1560
PRICE (T. ROWE) GROUP;12138;10138;74144T10;TROW;2019;6;6;4;1;0,666666667;12;12;1;0,25;0,3;0,32;0,36;0,12;0,16;9330,4;204,6;2387;2577,8;2577,8;2131,3;5617,9
TRAVELERS COS INC;62689;59459;89417E10;TRV;2019;6;5;4;0,833333333;0,666666667;12;11;0,9167;0,75;0,04;0,11;0,1;0,76;3,24;110122;0;3231;3994;7596;2622;31330
TEXAS INSTRUMENTS INC;10499;15579;88250810;TXN;2019;4;4;1;1;0,25;11;11;1;0,08;0,38;0,56;0,39;0,51;1,02;18018;847;5687;6737;9926;5017;14383
UNITEDHEALTH GROUP INC;10903;92655;91324P10;UNH;2019;3;3;3;1;1;9;8;0,8889;0,22;0,14;0,24;0,21;0,64;1,94;173889;2071;19685;22405;57598;13839;242155
UNUM GROUP;12726;71175;91529Y10;UNM;2019;6;6;6;1;1;11;11;1;1,7;0,03;0,12;0,13;0,85;5,72;67013,4;150,9;1587,5;1704,7;1704,7;1100,3;11999,6
UNION PACIFIC CORP;10867;48725;90781810;UNP;2019;7;6;2;0,857142857;0,285714286;11;9;0,8182;0,24;0,18;0,19;0,19;0,71;2,4;61673;3453;8499;10715;10715;5919;21708
UNITED PARCEL SERVICE INC;10920;87447;91131210;UPS;2019;4;3;4;0,75;1;13;11;0,8462;0,05;0,19;0,93;0,29;0,94;16,7;57857;6380;8150;10510;10510;4440;74094
VALERO ENERGY CORP;15247;85269;91913Y10;VLO;2019;3;3;3;1;1;9;8;0,8889;0,7;0,1;0,09;0,12;0,58;1,44;53864;2069;3843;5343;6225;2422;102729
VULCAN MATERIALS CO;11228;15202;92916010;VMC;2019;4;4;2;1;0,5;11;11;1;0,33;0,12;0,1;0,1;0,47;0,89;10648,79;384,09;885,35;1259,95;1630,5;617,66;4929,1
VERIZON COMMUNICATIONS INC;2136;65875;92343V10;VZ;2019;5;4;4;0,8;0,8;11;10;0,9091;0,38;0,17;0,21;0,17;0,78;3,73;291727;17939;30303;46985;77142;19265;131868
WELLS FARGO & CO;8007;38703;94974610;WFC;2019;5;0;4;0;0,8;14;8;0,5714;0,78;0,02;0,11;0,08;0,9;9,24;1927555;0;40122;40122;80914;19549;102453
WHIRLPOOL CORP;11465;25419;96332010;WHR;2019;6;4;2;0,666666667;0,333333333;12;9;0,75;0,35;0,1;0,43;0,14;0,78;4,62;18881;532;1236;1823;3956;1184;20419
WASTE MANAGEMENT INC;14477;11955;94106L10;WM;2019;6;5;5;0,833333333;0,833333333;8;6;0,75;0,18;0,18;0,21;0,15;0,75;2,92;27743;1818;2803;4479;6077;1670;15455
WILLIAMS COS INC;11506;38156;96945710;WMB;2019;6;6;5;1;0,833333333;11;11;1;0,53;0,09;0,06;0,07;0,64;2,22;46040;2109;2405;4119;4667;850;8201
WPX ENERGY INC;187128;13141;98212B10;WPX;2019;3;3;3;1;1;9;5;0,5556;0,84;0,14;0,06;0,03;0,46;0,86;8413;1362;173;1194;1398;256;2292
WYNN RESORTS LTD;149318;89533;98313410;WYNN;2019;3;3;2;1;0,666666667;8;8;1;0,12;0,11;0,07;0,08;0,89;7,07;13871,28;1063,29;913,31;1538,18;2544,05;122,99;6611,1
UNITED STATES STEEL CORP;23978;76644;91290910;X;2019;8;8;5;1;0,625;11;11;1;2,11;0,05;-0,15;-0,01;0,65;1,84;11608;1252;-50;566;855;-630;12937
XCEL ENERGY INC;7977;23931;98389B10;XEL;2019;6;5;3;0,833333333;0,5;12;11;0,9167;0,53;0,08;0,08;0,07;0,74;2,81;50448;4225;2104;3869;3869;1372;11529
EXXON MOBIL CORP;4503;11850;30231G10;XOM;2019;3;3;3;1;1;10;8;0,8;0,74;0,09;0,07;0,05;0,45;0,85;362597;24361;12766;31764;44431;14340;255583
XEROX HOLDINGS CORP;11636;27983;98421M10;XRX;2019;4;4;4;1;1;8;8;1;0,72;0,11;0,12;0,12;0,61;1,6;15047;65;1278;1708;4166;1353;9066
XYLEM INC;189491;13035;98419M10;XYL;2019;5;5;3;1;0,6;10;9;0,9;0,23;0,13;0,13;0,14;0,62;1,6;7710;226;727;984;2308;401;5249
ZIONS BANCORPORATION NA;11687;84129;98970110;ZION;2019;4;4;4;1;1;11;10;0,9091;0,79;0,02;0,12;0,1;0,89;8,41;69172;117;1198;1386;2795;816;3245
